31-Dec-25,30-Dec-25,29-Dec-25,28-Dec-25,27-Dec-25,26-Dec-25,25-Dec-25,24-Dec-25,23-Dec-25,22-Dec-25,21-Dec-25,20-Dec-25,19-Dec-25,18-Dec-25,17-Dec-25,16-Dec-25,15-Dec-25,14-Dec-25,13-Dec-25,12-Dec-25,11-Dec-25,10-Dec-25,9-Dec-25,8-Dec-25,7-Dec-25,6-Dec-25,5-Dec-25,4-Dec-25,3-Dec-25,2-Dec-25,1-Dec-25,30-Nov-25,29-Nov-25,28-Nov-25,27-Nov-25,26-Nov-25,25-Nov-25,24-Nov-25,23-Nov-25,22-Nov-25,21-Nov-25,20-Nov-25,19-Nov-25,18-Nov-25,17-Nov-25,16-Nov-25,15-Nov-25,14-Nov-25,13-Nov-25,12-Nov-25,11-Nov-25,10-Nov-25,9-Nov-25,8-Nov-25,7-Nov-25,6-Nov-25,5-Nov-25,4-Nov-25,3-Nov-25,2-Nov-25,1-Nov-25,31-Oct-25,30-Oct-25,29-Oct-25,28-Oct-25,27-Oct-25,26-Oct-25,25-Oct-25,24-Oct-25,23-Oct-25,22-Oct-25,21-Oct-25,20-Oct-25,19-Oct-25,18-Oct-25,17-Oct-25,16-Oct-25,15-Oct-25,14-Oct-25,13-Oct-25,12-Oct-25,11-Oct-25,10-Oct-25,9-Oct-25,8-Oct-25,7-Oct-25,6-Oct-25,5-Oct-25,4-Oct-25,3-Oct-25,2-Oct-25,1-Oct-25,30-Sep-25,29-Sep-25,28-Sep-25,27-Sep-25,26-Sep-25,25-Sep-25,24-Sep-25,23-Sep-25,22-Sep-25,21-Sep-25,20-Sep-25,19-Sep-25,18-Sep-25,17-Sep-25,16-Sep-25,15-Sep-25,14-Sep-25,13-Sep-25,12-Sep-25,11-Sep-25,10-Sep-25,9-Sep-25,8-Sep-25,7-Sep-25,6-Sep-25,5-Sep-25,4-Sep-25,3-Sep-25,2-Sep-25,1-Sep-25,31-Aug-25,30-Aug-25,29-Aug-25,28-Aug-25,27-Aug-25,26-Aug-25,25-Aug-25,24-Aug-25,23-Aug-25,22-Aug-25,21-Aug-25,20-Aug-25,19-Aug-25,18-Aug-25,17-Aug-25,16-Aug-25,15-Aug-25,14-Aug-25,13-Aug-25,12-Aug-25,11-Aug-25,10-Aug-25,9-Aug-25,8-Aug-25,7-Aug-25,6-Aug-25,5-Aug-25,4-Aug-25,3-Aug-25,2-Aug-25,1-Aug-25,31-Jul-25,30-Jul-25,29-Jul-25,28-Jul-25,27-Jul-25,26-Jul-25,25-Jul-25,24-Jul-25,23-Jul-25,22-Jul-25,21-Jul-25,20-Jul-25,19-Jul-25,18-Jul-25,17-Jul-25,16-Jul-25,15-Jul-25,14-Jul-25,13-Jul-25,12-Jul-25,11-Jul-25,10-Jul-25,9-Jul-25,8-Jul-25,7-Jul-25,6-Jul-25,5-Jul-25,4-Jul-25,3-Jul-25,2-Jul-25,1-Jul-25,30-Jun-25,29-Jun-25,28-Jun-25,27-Jun-25,26-Jun-25,25-Jun-25,24-Jun-25,23-Jun-25,22-Jun-25,21-Jun-25,20-Jun-25,19-Jun-25,18-Jun-25,17-Jun-25,16-Jun-25,15-Jun-25,14-Jun-25,13-Jun-25,12-Jun-25,11-Jun-25,10-Jun-25,9-Jun-25,8-Jun-25,7-Jun-25,6-Jun-25,5-Jun-25,4-Jun-25,3-Jun-25,2-Jun-25,1-Jun-25,31-May-25,30-May-25,29-May-25,28-May-25,27-May-25,26-May-25,25-May-25,24-May-25,23-May-25,22-May-25,21-May-25,20-May-25,19-May-25,18-May-25,17-May-25,16-May-25,15-May-25,14-May-25,13-May-25,12-May-25,11-May-25,10-May-25,9-May-25,8-May-25,7-May-25,6-May-25,5-May-25,4-May-25,3-May-25,2-May-25,1-May-25,30-Apr-25,29-Apr-25,28-Apr-25,27-Apr-25,26-Apr-25,25-Apr-25,24-Apr-25,23-Apr-25,22-Apr-25,21-Apr-25,20-Apr-25,19-Apr-25,18-Apr-25,17-Apr-25,16-Apr-25,15-Apr-25,14-Apr-25,13-Apr-25,12-Apr-25,11-Apr-25,10-Apr-25,9-Apr-25,8-Apr-25,7-Apr-25,6-Apr-25,5-Apr-25,4-Apr-25,3-Apr-25,2-Apr-25,1-Apr-25,31-Mar-25,30-Mar-25,29-Mar-25,28-Mar-25,27-Mar-25,26-Mar-25,25-Mar-25,24-Mar-25,23-Mar-25,22-Mar-25,21-Mar-25,20-Mar-25,19-Mar-25,18-Mar-25,17-Mar-25,16-Mar-25,15-Mar-25,14-Mar-25,13-Mar-25,12-Mar-25,11-Mar-25,10-Mar-25,9-Mar-25,8-Mar-25,7-Mar-25,6-Mar-25,5-Mar-25,4-Mar-25,3-Mar-25,2-Mar-25,1-Mar-25,28-Feb-25,27-Feb-25,26-Feb-25,25-Feb-25,24-Feb-25,23-Feb-25,22-Feb-25,21-Feb-25,20-Feb-25,19-Feb-25,18-Feb-25,17-Feb-25,16-Feb-25,15-Feb-25,14-Feb-25,13-Feb-25,12-Feb-25,11-Feb-25,10-Feb-25,9-Feb-25,8-Feb-25,7-Feb-25,6-Feb-25,5-Feb-25,4-Feb-25,3-Feb-25,2-Feb-25,1-Feb-25,31-Jan-25,30-Jan-25,29-Jan-25,28-Jan-25,27-Jan-25,26-Jan-25,25-Jan-25,24-Jan-25,23-Jan-25,22-Jan-25,21-Jan-25,20-Jan-25,19-Jan-25,18-Jan-25,17-Jan-25,16-Jan-25,15-Jan-25,14-Jan-25,13-Jan-25,12-Jan-25,11-Jan-25,10-Jan-25,9-Jan-25,8-Jan-25,7-Jan-25,6-Jan-25,5-Jan-25,4-Jan-25,3-Jan-25,2-Jan-25,1-Jan-25,31-Dec-24,30-Dec-24,29-Dec-24,28-Dec-24,27-Dec-24,26-Dec-24,25-Dec-24,24-Dec-24,23-Dec-24,22-Dec-24,21-Dec-24,20-Dec-24,19-Dec-24,18-Dec-24,17-Dec-24,16-Dec-24,15-Dec-24,14-Dec-24,13-Dec-24,12-Dec-24,11-Dec-24,10-Dec-24,9-Dec-24,8-Dec-24,7-Dec-24,6-Dec-24,5-Dec-24,4-Dec-24,3-Dec-24,2-Dec-24,1-Dec-24,30-Nov-24,29-Nov-24,28-Nov-24,27-Nov-24,26-Nov-24,25-Nov-24,24-Nov-24,23-Nov-24,22-Nov-24,21-Nov-24,20-Nov-24,19-Nov-24,18-Nov-24,17-Nov-24,16-Nov-24,15-Nov-24,14-Nov-24,13-Nov-24,12-Nov-24,11-Nov-24,10-Nov-24,9-Nov-24,8-Nov-24,7-Nov-24,6-Nov-24,5-Nov-24,4-Nov-24,3-Nov-24,2-Nov-24,1-Nov-24,31-Oct-24,30-Oct-24,29-Oct-24,28-Oct-24,27-Oct-24,26-Oct-24,25-Oct-24,24-Oct-24,23-Oct-24,22-Oct-24,21-Oct-24,20-Oct-24,19-Oct-24,18-Oct-24,17-Oct-24,16-Oct-24,15-Oct-24,14-Oct-24,13-Oct-24,12-Oct-24,11-Oct-24,10-Oct-24,9-Oct-24,8-Oct-24,7-Oct-24,6-Oct-24,5-Oct-24,4-Oct-24,3-Oct-24,2-Oct-24,1-Oct-24,30-Sep-24,29-Sep-24,28-Sep-24,27-Sep-24,26-Sep-24,25-Sep-24,24-Sep-24,23-Sep-24,22-Sep-24,21-Sep-24,20-Sep-24,19-Sep-24,18-Sep-24,17-Sep-24,16-Sep-24,15-Sep-24,14-Sep-24,13-Sep-24,12-Sep-24,11-Sep-24,10-Sep-24,9-Sep-24,8-Sep-24,7-Sep-24,6-Sep-24,5-Sep-24,4-Sep-24,3-Sep-24,2-Sep-24,1-Sep-24,31-Aug-24,30-Aug-24,29-Aug-24,28-Aug-24,27-Aug-24
,,,,,,,,,,,,,,,,,,,,,,,,,,,,,,,,,,,,,,,,,,abed,ammo,cringing,aargh,eminent,ankle,amino,anti,allay,aioli,anal,chloric,cite,bedfellow,amount,actual,deepen,effete,addle,nitwit,afar,cell,bill,avid,amen,afloat,deep,abaci,clog,demonym,ghee,beet,cello,belie,ante,cocci,lipping,city,abaci,element,eely,inurn,addend,afar,ailing,eggnog,ache,cocoon,agita,affiant,belie,atop,denote,cell,aargh,gouging,accumulate,abate,dhoti,afar,added,elope,aggravating,clinic,cell,awed,adopt,abaci,chic,acacia,airy,been,alga,digging,clove,abbey,achoo,agar,blob,acacia,chic,again,cock,accent,allay,deem,allot,ability,devein,cirri,diddling,allot,emote,beeline,abaci,accruing,entente,aria,cocoon,actuator,daddy,agate,ability,delete,chignon,abate,bikini,delude,aeon,airplay,acne,,,,,,,,,,,,,,,,,,,,,,,,,,,,,,,,,,,,,,,,,,,,,,,,,,,,,,,,,,,,,,,,,,,,,,,,,,,,,,,,,,,,,,,,,,,,,,,,,,,,,,,,,,,,,,,,,,,,,,,,,,,,,,,,,,,,,,,,,,,,,,,,,,,,,,,,,,,,,,,,,,,,,,,,,,,,,,,,,,,,,,,,,,,,,,,,,,,,,,,,,,,,,,,,,,,,,,,,,,,,,,,,,,,,,,,,,,,,,,,,,,,,,,,,,,,,,,,,,,,,,,,,,,,,,,,,,,,,,,,,,,,,,,,,,,,,,,,,,,,,,,,,,,,,,,,,,,,,,,,,,,,,,,,,,,,,,,,,,,,
,,,,,,,,,,,,,,,,,,,,,,,,,,,,,,,,,,,,,,,,,,abide,amok,cuing,agar,emit,anklebone,ammo,aria,allaying,anal,anally,chocoholic,civet,beef,anatomy,actuate,deepened,feet,addled,twig,afro,celled,billion,dial,amenity,afoot,deepen,aback,clot,deny,hedge,befit,cloche,bell,antenatal,cocoon,lippy,comity,abate,emolument,illy,iron,addenda,affair,alga,entente,ached,codon,agitating,afoot,belittle,capo,denoted,celli,agar,group,acme,abet,digging,affair,addend,epee,arriving,coconut,cello,cawed,adopted,abbot,chichi,acai,apart,bellmen,algal,ding,codevelop,able,ahoy,agog,blobs,acai,chichi,agaze,cocked,acetate,ally,deemed,although,ably,deveined,cocci,dill,allow,emotion,belie,abdicate,agar,lent,arid,cocooned,aura,dahlia,agent,alibi,deleted,chino,abatement,bumpkin,deluded,agelong,apiary,amen,,,,,,,,,,,,,,,,,,,,,,,,,,,,,,,,,,,,,,,,,,,,,,,,,,,,,,,,,,,,,,,,,,,,,,,,,,,,,,,,,,,,,,,,,,,,,,,,,,,,,,,,,,,,,,,,,,,,,,,,,,,,,,,,,,,,,,,,,,,,,,,,,,,,,,,,,,,,,,,,,,,,,,,,,,,,,,,,,,,,,,,,,,,,,,,,,,,,,,,,,,,,,,,,,,,,,,,,,,,,,,,,,,,,,,,,,,,,,,,,,,,,,,,,,,,,,,,,,,,,,,,,,,,,,,,,,,,,,,,,,,,,,,,,,,,,,,,,,,,,,,,,,,,,,,,,,,,,,,,,,,,,,,,,,,,,,,,,,,,
,,,,,,,,,,,,,,,,,,,,,,,,,,,,,,,,,,,,,,,,,,abided,armor,cunning,airtight,emitting,babka,ammonia,atria,ally,anion,ancillary,choir,emetic,beefed,annatto,acute,denude,fete,allele,twin,alarm,celli,billionth,dill,amity,alfalfa,deepened,acacia,cocci,doomy,hedged,befitting,clone,belle,antenna,coin,nipping,commit,abet,emote,keel,lion,anew,affray,algal,gene,ahead,coin,alit,antifa,bibelot,capon,dentition,cicely,agog,grouping,alum,acetate,digit,affiant,addenda,epilog,avatar,cocoon,cellule,chaw,adoptee,abiotic,chick,acing,apiary,bend,alpha,dinging,codeveloped,ably,alcohol,agora,bloc,accent,choir,ageing,coke,acetone,anal,dehumidified,alto,airball,deveining,cocoon,dimpling,alto,intention,belief,abdicated,agrarian,lento,atria,code,aurora,daily,agog,alit,delt,chock,abet,bunk,deluge,algae,appall,ankh,,,,,,,,,,,,,,,,,,,,,,,,,,,,,,,,,,,,,,,,,,,,,,,,,,,,,,,,,,,,,,,,,,,,,,,,,,,,,,,,,,,,,,,,,,,,,,,,,,,,,,,,,,,,,,,,,,,,,,,,,,,,,,,,,,,,,,,,,,,,,,,,,,,,,,,,,,,,,,,,,,,,,,,,,,,,,,,,,,,,,,,,,,,,,,,,,,,,,,,,,,,,,,,,,,,,,,,,,,,,,,,,,,,,,,,,,,,,,,,,,,,,,,,,,,,,,,,,,,,,,,,,,,,,,,,,,,,,,,,,,,,,,,,,,,,,,,,,,,,,,,,,,,,,,,,,,,,,,,,,,,,,,,,,,,,,,,,,,,,
,,,,,,,,,,,,,,,,,,,,,,,,,,,,,,,,,,,,,,,,,,adage,aroma,curing,alright,emote,bake,amnio,attain,allying,annal,annal,choirgirl,emit,befell,annoy,calculate,denuded,foot,anal,twinging,amoral,cellule,biotin,diva,anemia,aloft,depend,acai,coil,doyen,hedging,beget,cocoon,bezel,antennae,conceit,nippy,commodity,ablate,lemon,kelp,loin,annex,agar,alibi,genotype,cache,common,anti,caftan,bible,catnap,detention,clemency,agora,gunning,amulet,acetic,ding,aircraft,addle,gelee,avian,coin,clef,chew,atop,anabiotic,chin,alack,apparat,blend,alum,dingo,coevolve,allay,alloy,angora,block,acetate,chromium,aging,conk,acne,anally,dime,atoll,alibi,dive,coffin,giggling,atoll,into,bible,acacia,airing,lone,bait,coded,author,dally,among,ataxia,dent,chocking,abetment,kink,deluged,allege,apply,cancan,,,,,,,,,,,,,,,,,,,,,,,,,,,,,,,,,,,,,,,,,,,,,,,,,,,,,,,,,,,,,,,,,,,,,,,,,,,,,,,,,,,,,,,,,,,,,,,,,,,,,,,,,,,,,,,,,,,,,,,,,,,,,,,,,,,,,,,,,,,,,,,,,,,,,,,,,,,,,,,,,,,,,,,,,,,,,,,,,,,,,,,,,,,,,,,,,,,,,,,,,,,,,,,,,,,,,,,,,,,,,,,,,,,,,,,,,,,,,,,,,,,,,,,,,,,,,,,,,,,,,,,,,,,,,,,,,,,,,,,,,,,,,,,,,,,,,,,,,,,,,,,,,,,,,,,,,,,,,,,,,,,,,,,,,,,,,,,,,,,
,,,,,,,,,,,,,,,,,,,,,,,,,,,,,,,,,,,,,,,,,,added,cami,curving,altar,emoting,balk,anaconda,avian,anally,anon,arancini,clog,evict,boffo,anon,caul,depend,footie,annal,twining,amour,clinic,blin,divan,anima,aloof,depended,alack,colic,doyenne,heed,begetting,coho,bible,attenuate,concoct,pigging,coot,able,loom,kelpie,loon,annexed,agita,align,gent,cached,communion,atilt,citification,bile,coop,devoid,clime,alarm,guru,calm,attack,dinging,antiaircraft,addled,ghee,aviating,colon,clone,chewed,depot,antibiotic,cinch,cackling,aria,blended,amalgam,dining,coevolved,allele,aloha,argon,blocks,acetic,chum,aiming,conked,avocet,annal,dimmed,aught,arability,dived,coif,gild,koala,intone,biff,acai,arancini,loon,bird,codon,auto,daylily,eggnog,atilt,dented,choking,ante,mini,dilute,allele,dippy,cane,,,,,,,,,,,,,,,,,,,,,,,,,,,,,,,,,,,,,,,,,,,,,,,,,,,,,,,,,,,,,,,,,,,,,,,,,,,,,,,,,,,,,,,,,,,,,,,,,,,,,,,,,,,,,,,,,,,,,,,,,,,,,,,,,,,,,,,,,,,,,,,,,,,,,,,,,,,,,,,,,,,,,,,,,,,,,,,,,,,,,,,,,,,,,,,,,,,,,,,,,,,,,,,,,,,,,,,,,,,,,,,,,,,,,,,,,,,,,,,,,,,,,,,,,,,,,,,,,,,,,,,,,,,,,,,,,,,,,,,,,,,,,,,,,,,,,,,,,,,,,,,,,,,,,,,,,,,,,,,,,,,,,,,,,,,,,,,,,,,
,,,,,,,,,,,,,,,,,,,,,,,,,,,,,,,,,,,,,,,,,,aged,camo,gigging,arhat,emotion,bank,anion,bait,daddy,anvil,arcana,cocci,evictee,doff,antonym,cellule,depended,gift,anneal,twinning,armful,clue,blini,dual,animate,effete,dependent,alfalfa,colt,dyed,heeded,beignet,colleen,bile,attune,concoction,piggy,dimity,albeit,lumen,kill,noir,dawn,airy,aligning,gone,chad,condo,attain,coffin,bill,coopt,devote,clinic,alga,inuring,came,attic,dingo,antifa,adze,giggle,giving,colonic,clue,hawed,dodo,baba,cumin,caging,array,blond,appall,dino,cove,alley,ancho,argonaut,blocs,acne,church,amaze,cook,cacao,anvil,dumdum,auto,arbitrarily,divide,coin,gilding,kola,ionize,bile,accede,arcana,lune,birdbath,coed,autocrat,dial,engage,axial,dependent,cocci,antenna,minim,diluted,alley,drip,canna,,,,,,,,,,,,,,,,,,,,,,,,,,,,,,,,,,,,,,,,,,,,,,,,,,,,,,,,,,,,,,,,,,,,,,,,,,,,,,,,,,,,,,,,,,,,,,,,,,,,,,,,,,,,,,,,,,,,,,,,,,,,,,,,,,,,,,,,,,,,,,,,,,,,,,,,,,,,,,,,,,,,,,,,,,,,,,,,,,,,,,,,,,,,,,,,,,,,,,,,,,,,,,,,,,,,,,,,,,,,,,,,,,,,,,,,,,,,,,,,,,,,,,,,,,,,,,,,,,,,,,,,,,,,,,,,,,,,,,,,,,,,,,,,,,,,,,,,,,,,,,,,,,,,,,,,,,,,,,,,,,,,,,,,,,,,,,,,,,,
,,,,,,,,,,,,,,,,,,,,,,,,,,,,,,,,,,,,,,,,,,ahead,carom,ginning,aria,genome,bankable,anon,barbarian,daily,apian,arnica,coho,item,doffed,antonymy,clue,done,petit,annealed,twit,armor,clued,bobbin,dull,anime,fake,dipped,alibi,cool,dyne,heeding,benefit,colon,bill,aunt,cone,piling,ditto,alibi,meet,leek,nonillion,dawned,aria,anal,gong,chai,condom,attaining,coif,billet,copout,devoted,cycle,algal,inurn,camel,backbit,dining,artifact,allay,glee,gravitating,concoct,cocoon,heehaw,doeth,baboon,hick,caking,arty,blonde,gaga,dipping,delve,ally,annoy,argot,bobs,ancient,churro,amazing,cooked,cancan,avail,dummied,galoot,arbitrary,divided,coir,gill,loll,memento,bill,acceded,arcing,lunette,birria,concede,church,diddly,engagement,axially,dependently,cock,antennae,minimum,dude,aloe,drippy,chance,,,,,,,,,,,,,,,,,,,,,,,,,,,,,,,,,,,,,,,,,,,,,,,,,,,,,,,,,,,,,,,,,,,,,,,,,,,,,,,,,,,,,,,,,,,,,,,,,,,,,,,,,,,,,,,,,,,,,,,,,,,,,,,,,,,,,,,,,,,,,,,,,,,,,,,,,,,,,,,,,,,,,,,,,,,,,,,,,,,,,,,,,,,,,,,,,,,,,,,,,,,,,,,,,,,,,,,,,,,,,,,,,,,,,,,,,,,,,,,,,,,,,,,,,,,,,,,,,,,,,,,,,,,,,,,,,,,,,,,,,,,,,,,,,,,,,,,,,,,,,,,,,,,,,,,,,,,,,,,,,,,,,,,,,,,,,,,,,,,
,,,,,,,,,,,,,,,,,,,,,,,,,,,,,,,,,,,,,,,,,,aide,coma,giving,aril,gimme,beak,cacao,birria,dally,appall,cairn,coil,itemize,feeble,aunt,cuff,donee,petite,dale,twitch,aroma,cuddle,boil,individual,anytime,falafel,emptied,alkali,coot,eddy,heinie,benefiting,colonel,blob,eaten,conic,pill,ditty,baba,melee,lieu,nonunion,deaden,array,angling,goon,chain,condominium,gait,confit,biotic,coup,devotee,cyclic,aloha,inurning,cecum,backbite,dino,caftan,allayed,goggle,invariant,concoction,coffee,heehawed,doodad,bacon,inch,call,atria,bonbon,gala,dodging,delved,anal,anon,arrogant,bock,antic,cirri,amen,cuckoo,cane,avidly,femme,gloat,baba,dividend,comic,gilling,look,memo,blin,aced,arguing,nene,birth,conceded,churro,dildo,gaga,axilla,deplete,cocking,bantam,mink,duel,alone,lapidary,enema,,,,,,,,,,,,,,,,,,,,,,,,,,,,,,,,,,,,,,,,,,,,,,,,,,,,,,,,,,,,,,,,,,,,,,,,,,,,,,,,,,,,,,,,,,,,,,,,,,,,,,,,,,,,,,,,,,,,,,,,,,,,,,,,,,,,,,,,,,,,,,,,,,,,,,,,,,,,,,,,,,,,,,,,,,,,,,,,,,,,,,,,,,,,,,,,,,,,,,,,,,,,,,,,,,,,,,,,,,,,,,,,,,,,,,,,,,,,,,,,,,,,,,,,,,,,,,,,,,,,,,,,,,,,,,,,,,,,,,,,,,,,,,,,,,,,,,,,,,,,,,,,,,,,,,,,,,,,,,,,,,,,,,,,,,,,,,,,,,,
,,,,,,,,,,,,,,,,,,,,,,,,,,,,,,,,,,,,,,,,,,aided,comic,grin,arthralgia,gnome,blank,camo,brain,dallying,avail,canal,coir,meet,feed,aunty,cull,donned,pettifog,dandle,twitching,arum,cuddled,bonito,inlaid,attainment,fall,epee,baba,gigolo,enemy,henge,benefitting,conch,bloom,elate,conjoin,pilling,dotty,babble,melon,like,noon,deadened,arty,annal,goony,chained,conic,gallant,fact,bite,coupon,devotion,eely,amalgam,nonunion,cellmate,bait,dint,craft,allele,google,inviting,conic,colleen,hewed,dope,bait,kick,calla,attar,bond,gall,dodo,develop,anally,anyhoo,augur,bocks,attic,cocci,anemia,cuckooed,canna,daily,fume,glottal,baby,dividing,common,gliding,lookout,mention,blini,acetate,aria,neon,braid,condo,coauthor,dill,gage,bail,depleted,cocoon,bate,nimbi,dueled,angel,lipid,enhance,,,,,,,,,,,,,,,,,,,,,,,,,,,,,,,,,,,,,,,,,,,,,,,,,,,,,,,,,,,,,,,,,,,,,,,,,,,,,,,,,,,,,,,,,,,,,,,,,,,,,,,,,,,,,,,,,,,,,,,,,,,,,,,,,,,,,,,,,,,,,,,,,,,,,,,,,,,,,,,,,,,,,,,,,,,,,,,,,,,,,,,,,,,,,,,,,,,,,,,,,,,,,,,,,,,,,,,,,,,,,,,,,,,,,,,,,,,,,,,,,,,,,,,,,,,,,,,,,,,,,,,,,,,,,,,,,,,,,,,,,,,,,,,,,,,,,,,,,,,,,,,,,,,,,,,,,,,,,,,,,,,,,,,,,,,,,,,,,,,
,,,,,,,,,,,,,,,,,,,,,,,,,,,,,,,,,,,,,,,,,,baaed,comma,grinning,atria,imminent,bleak,cannon,briar,dandily,avian,canary,colic,memetic,feel,automaton,cult,dune,pfft,dandled,which,aura,cull,hill,inland,emanate,falloff,impede,babka,googol,eyed,hidden,bent,cone,bobble,entente,conjoint,ping,idiot,babe,melt,likely,nori,dean,atria,babbling,gotten,chance,cumin,gating,faction,bocci,cuppa,dino,icicle,ammo,noun,clam,bate,ditto,fact,alley,heel,navigating,cotillion,colon,thaw,doped,banana,kimchi,calling,aura,bonded,galumph,dogging,developed,annal,cacao,gaga,boho,cacti,coho,angina,cuke,cannon,dally,fumed,glut,bail,divine,confirm,idling,loot,mezzo,elfin,acetic,arnica,nettle,briar,condone,couch,dilly,game,bait,detente,cocooning,battement,nubbin,duet,angle,lippy,hank,,,,,,,,,,,,,,,,,,,,,,,,,,,,,,,,,,,,,,,,,,,,,,,,,,,,,,,,,,,,,,,,,,,,,,,,,,,,,,,,,,,,,,,,,,,,,,,,,,,,,,,,,,,,,,,,,,,,,,,,,,,,,,,,,,,,,,,,,,,,,,,,,,,,,,,,,,,,,,,,,,,,,,,,,,,,,,,,,,,,,,,,,,,,,,,,,,,,,,,,,,,,,,,,,,,,,,,,,,,,,,,,,,,,,,,,,,,,,,,,,,,,,,,,,,,,,,,,,,,,,,,,,,,,,,,,,,,,,,,,,,,,,,,,,,,,,,,,,,,,,,,,,,,,,,,,,,,,,,,,,,,,,,,,,,,,,,,,,,,
,,,,,,,,,,,,,,,,,,,,,,,,,,,,,,,,,,,,,,,,,,babied,cram,gunning,atrial,item,bloke,canon,invariant,dandy,lain,cancan,color,mete,fell,autonomy,cute,dunned,pipet,deal,whinging,aural,culled,hilt,invalid,eminent,fatal,impeded,bacilli,igloo,homey,hide,betting,cool,boil,exalt,connect,pinging,idiotic,babel,meme,lily,noun,denude,attar,bail,nene,chanced,dino,giant,faint,boil,cutup,diode,icily,amoral,oppugn,emcee,batik,dodging,faint,ally,hell,nirvana,cotton,colonel,thawed,dote,banc,kink,canal,irrupt,bone,gamma,doggo,devolve,anneal,callaloo,gang,boll,cancan,coir,anima,deck,cannot,dandily,heme,goat,bait,divined,conform,limn,lotto,mezzotint,exile,acid,arraign,noel,dirt,condoned,court,dillydally,gamete,battily,entente,coho,batten,numb,duetted,anneal,paddy,hence,,,,,,,,,,,,,,,,,,,,,,,,,,,,,,,,,,,,,,,,,,,,,,,,,,,,,,,,,,,,,,,,,,,,,,,,,,,,,,,,,,,,,,,,,,,,,,,,,,,,,,,,,,,,,,,,,,,,,,,,,,,,,,,,,,,,,,,,,,,,,,,,,,,,,,,,,,,,,,,,,,,,,,,,,,,,,,,,,,,,,,,,,,,,,,,,,,,,,,,,,,,,,,,,,,,,,,,,,,,,,,,,,,,,,,,,,,,,,,,,,,,,,,,,,,,,,,,,,,,,,,,,,,,,,,,,,,,,,,,,,,,,,,,,,,,,,,,,,,,,,,,,,,,,,,,,,,,,,,,,,,,,,,,,,,,,,,,,,,,
,,,,,,,,,,,,,,,,,,,,,,,,,,,,,,,,,,,,,,,,,,baddie,imam,icing,attagirl,meet,bonk,canonic,irritant,dangly,lanai,canna,cool,mimetic,felled,autumn,cutlet,dunno,pipette,dell,whining,aurora,decline,hint,laid,emit,fate,impediment,back,illogic,homonym,hiding,bite,couch,boll,exeunt,connection,pining,itty,bacilli,memento,lippy,null,denuded,fair,bailing,neon,chia,dominion,gilt,fanatic,bootie,occupant,ditto,illy,armor,oppugning,emulate,beat,dodo,fair,anal,hellhole,ravaging,council,cone,twee,doted,baobab,mimic,cancan,pair,boned,glam,doing,devolved,baba,cannon,gargantuan,bolls,cane,comic,anime,decked,canoe,daylily,hemmed,goth,ball,diving,conic,limning,lout,mimeo,feline,acidic,arraigning,none,drib,cone,couth,dodo,gamma,bialy,eyelet,coin,beat,pink,dull,anyone,paid,henchman,,,,,,,,,,,,,,,,,,,,,,,,,,,,,,,,,,,,,,,,,,,,,,,,,,,,,,,,,,,,,,,,,,,,,,,,,,,,,,,,,,,,,,,,,,,,,,,,,,,,,,,,,,,,,,,,,,,,,,,,,,,,,,,,,,,,,,,,,,,,,,,,,,,,,,,,,,,,,,,,,,,,,,,,,,,,,,,,,,,,,,,,,,,,,,,,,,,,,,,,,,,,,,,,,,,,,,,,,,,,,,,,,,,,,,,,,,,,,,,,,,,,,,,,,,,,,,,,,,,,,,,,,,,,,,,,,,,,,,,,,,,,,,,,,,,,,,,,,,,,,,,,,,,,,,,,,,,,,,,,,,,,,,,,,,,,,,,,,,,
,,,,,,,,,,,,,,,,,,,,,,,,,,,,,,,,,,,,,,,,,,bade,karma,incur,attar,meeting,book,ciao,nirvana,daylily,lanolin,cannily,corgi,mite,fellow,mammon,cuttle,ended,pipit,elan,whit,auroral,declined,hobbit,land,enema,feat,impend,backfill,loci,homonymy,high,biting,coulee,bolo,extant,connote,pinning,mitt,bail,memo,lull,onion,dune,fairy,baling,netty,chic,domino,glint,fanfic,celli,output,divot,inclemency,aroma,pinup,lama,beet,dogging,fanatic,anally,hello,raving,count,confluence,tweed,doth,baton,mini,caning,papyri,bonobo,gulag,dong,dove,babble,canola,gator,bolo,canine,couch,enema,deke,canon,dial,humid,gotta,barb,divining,corn,limp,luau,minion,fief,acted,arranging,nonet,habit,coned,crouch,doily,gang,biaxial,lent,coining,beaten,pinup,dulled,eagle,pail,henchmen,,,,,,,,,,,,,,,,,,,,,,,,,,,,,,,,,,,,,,,,,,,,,,,,,,,,,,,,,,,,,,,,,,,,,,,,,,,,,,,,,,,,,,,,,,,,,,,,,,,,,,,,,,,,,,,,,,,,,,,,,,,,,,,,,,,,,,,,,,,,,,,,,,,,,,,,,,,,,,,,,,,,,,,,,,,,,,,,,,,,,,,,,,,,,,,,,,,,,,,,,,,,,,,,,,,,,,,,,,,,,,,,,,,,,,,,,,,,,,,,,,,,,,,,,,,,,,,,,,,,,,,,,,,,,,,,,,,,,,,,,,,,,,,,,,,,,,,,,,,,,,,,,,,,,,,,,,,,,,,,,,,,,,,,,,,,,,,,,,,
,,,,,,,,,,,,,,,,,,,,,,,,,,,,,,,,,,,,,,,,,,badge,karmic,incurring,girl,meme,bookable,cinnamon,rabbi,diddly,lava,canny,croc,mitt,fled,manna,effectual,endue,poet,eland,whiting,farm,deli,inhibit,laud,enemy,feel,impended,bail,loco,honey,hind,bitten,echelon,embezzle,extent,content,pinny,moot,bait,mentee,lulu,opinion,dunned,fart,ball,none,chica,dunno,glinting,fiat,cite,pact,dodo,incline,gaga,popgun,lame,beta,doggo,fanfic,analyze,help,titivating,icon,cool,tweet,dotted,bionic,minim,canna,parity,boon,halal,donning,evolve,babe,canon,gaunt,bolos,canna,croc,engage,deked,cant,diddly,humidified,gout,barbarity,divvied,croc,limpid,lull,moment,fife,addict,augur,noon,habitat,conned,crutch,doll,gannet,biaxially,netted,conch,beet,pippin,elude,eely,pair,henna,,,,,,,,,,,,,,,,,,,,,,,,,,,,,,,,,,,,,,,,,,,,,,,,,,,,,,,,,,,,,,,,,,,,,,,,,,,,,,,,,,,,,,,,,,,,,,,,,,,,,,,,,,,,,,,,,,,,,,,,,,,,,,,,,,,,,,,,,,,,,,,,,,,,,,,,,,,,,,,,,,,,,,,,,,,,,,,,,,,,,,,,,,,,,,,,,,,,,,,,,,,,,,,,,,,,,,,,,,,,,,,,,,,,,,,,,,,,,,,,,,,,,,,,,,,,,,,,,,,,,,,,,,,,,,,,,,,,,,,,,,,,,,,,,,,,,,,,,,,,,,,,,,,,,,,,,,,,,,,,,,,,,,,,,,,,,,,,,,,
,,,,,,,,,,,,,,,,,,,,,,,,,,,,,,,,,,,,,,,,,,badged,korma,inning,girt,memento,kabob,coca,rabbit,dilly,llano,carnal,croci,teem,flee,manta,effectuate,endued,poppet,enamel,wigging,farro,dell,inhibition,livid,enmity,feet,impenitent,bailiff,logic,honeyed,hinge,effete,echo,emblem,extenuate,contention,pint,motto,bale,menu,peel,pillion,ended,fatty,balling,nonet,chichi,icon,glitz,fiction,cocci,pant,done,lenience,gala,pour,lemma,betake,doing,farina,analyzed,hippie,trivia,iconic,coulee,tweeted,epode,biota,minimum,canning,parry,debone,hall,donor,evolved,babel,canyon,gnat,boob,canny,croci,engaging,dock,cantata,dill,hummed,halt,battily,endive,croci,limping,lulu,monetize,file,addicted,auguring,nope,hair,convene,curacao,dolly,gate,bilabial,nettle,conic,bent,pumpkin,eluded,eggnog,palapa,keen,,,,,,,,,,,,,,,,,,,,,,,,,,,,,,,,,,,,,,,,,,,,,,,,,,,,,,,,,,,,,,,,,,,,,,,,,,,,,,,,,,,,,,,,,,,,,,,,,,,,,,,,,,,,,,,,,,,,,,,,,,,,,,,,,,,,,,,,,,,,,,,,,,,,,,,,,,,,,,,,,,,,,,,,,,,,,,,,,,,,,,,,,,,,,,,,,,,,,,,,,,,,,,,,,,,,,,,,,,,,,,,,,,,,,,,,,,,,,,,,,,,,,,,,,,,,,,,,,,,,,,,,,,,,,,,,,,,,,,,,,,,,,,,,,,,,,,,,,,,,,,,,,,,,,,,,,,,,,,,,,,,,,,,,,,,,,,,,,,,
,,,,,,,,,,,,,,,,,,,,,,,,,,,,,,,,,,,,,,,,,,bagged,macro,inuring,girth,meming,kale,cocci,rain,dillydally,loan,carnally,gigolo,time,flew,many,factual,expend,potpie,enameled,wight,floor,delude,into,nada,imam,fell,independent,balalaika,logo,honeymoon,hinged,entente,hellhole,immobile,exult,continence,piping,oddity,ball,mete,pile,pinion,endue,fiat,banal,noon,chide,iconic,gnat,finito,coil,papa,donee,leniency,gall,pouring,llama,bite,dong,fart,annal,hole,vagina,into,cuff,wadded,hoed,biotic,mink,cilia,part,deboned,haul,door,levee,baby,cloaca,goat,booboo,cant,crouch,enigma,docked,canteen,dilly,medium,hath,batty,envied,croon,lining,outlaw,mono,fill,attic,aura,note,rabbi,convened,curator,doodad,gene,bill,nettled,conk,beta,punk,etude,eggy,pall,khan,,,,,,,,,,,,,,,,,,,,,,,,,,,,,,,,,,,,,,,,,,,,,,,,,,,,,,,,,,,,,,,,,,,,,,,,,,,,,,,,,,,,,,,,,,,,,,,,,,,,,,,,,,,,,,,,,,,,,,,,,,,,,,,,,,,,,,,,,,,,,,,,,,,,,,,,,,,,,,,,,,,,,,,,,,,,,,,,,,,,,,,,,,,,,,,,,,,,,,,,,,,,,,,,,,,,,,,,,,,,,,,,,,,,,,,,,,,,,,,,,,,,,,,,,,,,,,,,,,,,,,,,,,,,,,,,,,,,,,,,,,,,,,,,,,,,,,,,,,,,,,,,,,,,,,,,,,,,,,,,,,,,,,,,,,,,,,,,,,,
,,,,,,,,,,,,,,,,,,,,,,,,,,,,,,,,,,,,,,,,,,bead,maim,inurn,grail,memo,kebab,cocoa,raita,dillydallying,naan,carny,googol,titmice,floe,moan,fateful,expended,teepee,halal,winch,flora,deluded,lilt,naiad,imitate,fella,inept,balk,loll,honeymooned,hinging,feet,hello,immobilize,exultant,continent,pipit,omit,ballet,mettle,pileup,pinup,endued,frag,bilabial,nope,chided,indium,igniting,focaccia,colic,pontoon,donned,lice,gamma,pronoun,mace,cacti,donning,fiat,anneal,hope,vagrant,intuit,cull,wade,hood,biotin,munchkin,clack,partita,demon,hula,doping,level,bale,cloy,gong,booboos,cantata,curio,gaga,duck,canton,dillydally,meme,hatha,bialy,even,foci,lipid,outlook,monotone,fine,cabbed,cairn,noun,rabbit,convey,curt,dyad,genome,billy,netty,conking,eaten,unkink,gigue,elan,pallid,knack,,,,,,,,,,,,,,,,,,,,,,,,,,,,,,,,,,,,,,,,,,,,,,,,,,,,,,,,,,,,,,,,,,,,,,,,,,,,,,,,,,,,,,,,,,,,,,,,,,,,,,,,,,,,,,,,,,,,,,,,,,,,,,,,,,,,,,,,,,,,,,,,,,,,,,,,,,,,,,,,,,,,,,,,,,,,,,,,,,,,,,,,,,,,,,,,,,,,,,,,,,,,,,,,,,,,,,,,,,,,,,,,,,,,,,,,,,,,,,,,,,,,,,,,,,,,,,,,,,,,,,,,,,,,,,,,,,,,,,,,,,,,,,,,,,,,,,,,,,,,,,,,,,,,,,,,,,,,,,,,,,,,,,,,,,,,,,,,,,,
,,,,,,,,,,,,,,,,,,,,,,,,,,,,,,,,,,,,,,,,,,beaded,maki,inurning,grill,mentee,keel,cocoon,rani,dingy,nail,clan,grog,victim,flood,mono,faucet,expound,teff,hale,wincing,floral,diddle,lint,undid,imminent,fellate,ninepin,ball,loot,hooey,hued,feint,hole,libel,lantana,coot,pippin,tidy,balletic,mole,pill,pippin,ennead,frat,bill,note,chin,ionic,initial,foci,collectible,poop,dote,lien,glam,pruning,macula,ciabatta,doth,franc,annealed,liege,vain,intuition,effluence,waded,hooded,boat,nick,clacking,party,done,lama,drip,leveled,baleen,coach,gonna,boobs,canteen,curium,gage,ducked,cava,idly,memed,holt,bilabial,evened,formic,lipping,outtalk,monte,flexible,cabbie,caring,null,rabid,conveyed,cutout,hold,gent,illy,pellet,conning,emanate,unpin,glue,elegy,pallidly,knee,,,,,,,,,,,,,,,,,,,,,,,,,,,,,,,,,,,,,,,,,,,,,,,,,,,,,,,,,,,,,,,,,,,,,,,,,,,,,,,,,,,,,,,,,,,,,,,,,,,,,,,,,,,,,,,,,,,,,,,,,,,,,,,,,,,,,,,,,,,,,,,,,,,,,,,,,,,,,,,,,,,,,,,,,,,,,,,,,,,,,,,,,,,,,,,,,,,,,,,,,,,,,,,,,,,,,,,,,,,,,,,,,,,,,,,,,,,,,,,,,,,,,,,,,,,,,,,,,,,,,,,,,,,,,,,,,,,,,,,,,,,,,,,,,,,,,,,,,,,,,,,,,,,,,,,,,,,,,,,,,,,,,,,,,,,,,,,,,,,
,,,,,,,,,,,,,,,,,,,,,,,,,,,,,,,,,,,,,,,,,,bedded,mako,nigiri,grit,mention,keen,coda,ribbit,dyad,nana,clinic,hooch,victimize,flooded,mononym,fault,expounded,tepee,hall,wing,flour,diddled,lion,unlaid,inanimate,felt,nipped,biblical,lotto,hymen,huge,feinting,honcho,libelee,late,cootie,pitting,timid,bate,moll,plie,poplin,naan,fratty,billing,onto,china,mind,initialing,font,collie,poppa,doted,lily,glamor,punning,malamute,cite,doting,frantic,azalea,loge,variant,ionic,fence,watch,hoodoo,boba,unkink,clan,pituitary,donee,lamp,dripping,love,ball,coal,goon,boohoo,cantina,hooch,gagging,duke,cave,idyl,midi,hoot,biliary,evening,icon,middling,talk,moon,ibex,cacti,cigar,onto,radii,convoy,cutthroat,holiday,geotag,itty,pelleted,cooing,enjambment,,glued,engage,palp,mane,,,,,,,,,,,,,,,,,,,,,,,,,,,,,,,,,,,,,,,,,,,,,,,,,,,,,,,,,,,,,,,,,,,,,,,,,,,,,,,,,,,,,,,,,,,,,,,,,,,,,,,,,,,,,,,,,,,,,,,,,,,,,,,,,,,,,,,,,,,,,,,,,,,,,,,,,,,,,,,,,,,,,,,,,,,,,,,,,,,,,,,,,,,,,,,,,,,,,,,,,,,,,,,,,,,,,,,,,,,,,,,,,,,,,,,,,,,,,,,,,,,,,,,,,,,,,,,,,,,,,,,,,,,,,,,,,,,,,,,,,,,,,,,,,,,,,,,,,,,,,,,,,,,,,,,,,,,,,,,,,,,,,,,,,,,,,,,,,,,
,,,,,,,,,,,,,,,,,,,,,,,,,,,,,,,,,,,,,,,,,,bedhead,mama,ricin,hair,mentioning,kennel,codon,taint,dying,naval,clinical,horologic,ziti,flow,monotony,flauta,need,tiff,handheld,winging,fora,dill,litho,valid,inmate,feta,pediment,bilabial,olio,hymn,hugged,fete,hone,limb,laten,cote,pity,timidity,battle,molt,pule,porn,nada,fray,blab,ontogeny,chinned,mini,initializing,fontina,cootie,potato,dotted,lime,goal,purging,male,kite,dotting,frat,daddy,logophile,virgin,linocut,fleece,watched,hoop,bobbin,,clang,prat,donned,laugh,droid,loved,banal,coca,gorgon,boohoos,catty,ichor,gain,duked,caveat,idyll,miff,lath,bill,give,iconic,mild,tall,moot,infill,caddie,circa,open,raid,convoyed,hour,hood,gnat,labia,pelt,cook,entente,,glug,gage,papa,manna,,,,,,,,,,,,,,,,,,,,,,,,,,,,,,,,,,,,,,,,,,,,,,,,,,,,,,,,,,,,,,,,,,,,,,,,,,,,,,,,,,,,,,,,,,,,,,,,,,,,,,,,,,,,,,,,,,,,,,,,,,,,,,,,,,,,,,,,,,,,,,,,,,,,,,,,,,,,,,,,,,,,,,,,,,,,,,,,,,,,,,,,,,,,,,,,,,,,,,,,,,,,,,,,,,,,,,,,,,,,,,,,,,,,,,,,,,,,,,,,,,,,,,,,,,,,,,,,,,,,,,,,,,,,,,,,,,,,,,,,,,,,,,,,,,,,,,,,,,,,,,,,,,,,,,,,,,,,,,,,,,,,,,,,,,,,,,,,,,,
,,,,,,,,,,,,,,,,,,,,,,,,,,,,,,,,,,,,,,,,,,begged,mamma,ricing,hart,mete,keno,coin,tannin,gaily,nova,clinically,horror,,flowed,moon,fluctuate,needed,tipi,handle,wining,form,duel,loin,vandal,intimate,fetal,peed,blab,toil,mommy,hugging,feting,hooch,limbo,latent,cotton,pitying,toddy,beat,molten,puli,porno,nana,friar,blabbing,open,cinch,minim,initiating,foot,eclectic,pout,dove,limn,gram,purr,mall,tacet,good,friar,dale,loophole,vitiating,lint,flounce,watt,hooped,bobcat,,clanging,pray,ebon,llama,droning,peeve,banally,cocoa,gotta,book,cayenne,micro,gaining,dunk,cent,illy,miffed,loath,billy,given,ionic,mill,tallow,mote,infix,caddied,cirri,opponent,raita,cooed,hurrah,hoodoo,gnome,labial,pelted,cooking,jete,,glugged,gaggle,papal,mean,,,,,,,,,,,,,,,,,,,,,,,,,,,,,,,,,,,,,,,,,,,,,,,,,,,,,,,,,,,,,,,,,,,,,,,,,,,,,,,,,,,,,,,,,,,,,,,,,,,,,,,,,,,,,,,,,,,,,,,,,,,,,,,,,,,,,,,,,,,,,,,,,,,,,,,,,,,,,,,,,,,,,,,,,,,,,,,,,,,,,,,,,,,,,,,,,,,,,,,,,,,,,,,,,,,,,,,,,,,,,,,,,,,,,,,,,,,,,,,,,,,,,,,,,,,,,,,,,,,,,,,,,,,,,,,,,,,,,,,,,,,,,,,,,,,,,,,,,,,,,,,,,,,,,,,,,,,,,,,,,,,,,,,,,,,,,,,,,,,
,,,,,,,,,,,,,,,,,,,,,,,,,,,,,,,,,,,,,,,,,,behead,maraca,rigging,lair,meting,knee,coma,tiara,gainly,opal,clinician,ichor,,fobbed,moony,flue,nene,tipoff,handled,winning,formal,dueled,lotion,vivid,item,fete,peen,black,toll,money,hung,fifteen,loch,lime,latex,ecotone,pityingly,tomtit,beatable,moment,pull,prion,need,friary,blazing,opponent,cinched,minimum,lantana,infant,elicit,punt,edition,line,gramma,purring,mallet,tacit,goodnight,frittata,dally,lope,,lion,loco,wedded,hoot,bocci,,clank,purity,embolden,luau,droop,peeved,banana,cocoon,gout,books,cent,mimic,game,dunked,cetacean,inlaid,mime,loot,birria,giving,ironic,milling,toll,motet,inflexible,cadet,crag,opulent,ribbit,cove,hurt,hyoid,goat,lability,pendent,ginkgo,manatee,,glut,gale,papally,menace,,,,,,,,,,,,,,,,,,,,,,,,,,,,,,,,,,,,,,,,,,,,,,,,,,,,,,,,,,,,,,,,,,,,,,,,,,,,,,,,,,,,,,,,,,,,,,,,,,,,,,,,,,,,,,,,,,,,,,,,,,,,,,,,,,,,,,,,,,,,,,,,,,,,,,,,,,,,,,,,,,,,,,,,,,,,,,,,,,,,,,,,,,,,,,,,,,,,,,,,,,,,,,,,,,,,,,,,,,,,,,,,,,,,,,,,,,,,,,,,,,,,,,,,,,,,,,,,,,,,,,,,,,,,,,,,,,,,,,,,,,,,,,,,,,,,,,,,,,,,,,,,,,,,,,,,,,,,,,,,,,,,,,,,,,,,,,,,,,,
,,,,,,,,,,,,,,,,,,,,,,,,,,,,,,,,,,,,,,,,,,beheaded,mark,ring,lariat,mien,kneel,comic,tibia,gangly,oval,crania,igloo,,fold,mount,fluff,neon,tippet,headland,witch,formula,dull,ninth,,maim,fettle,peep,blackball,tool,moneyed,neigh,finite,loco,limo,latte,ejection,plying,toot,beet,momentum,pulley,pronoun,needed,frittata,blin,peen,dacha,minion,ligating,info,elite,pupa,endnote,linemen,grammar,rouging,malt,tack,hiding,infant,dandle,ogee,,locution,neocon,weed,hooted,bonbon,,clanking,purr,emboldened,magma,drooping,veep,bane,coho,gran,boos,cetacean,mochi,gamin,eked,coat,inland,mimed,lotto,blab,hive,micro,mingling,tool,motion,innie,cede,crania,peen,third,coven,hutch,idly,goatee,laity,pent,gnocchi,manta,,glute,galleon,papaya,naan,,,,,,,,,,,,,,,,,,,,,,,,,,,,,,,,,,,,,,,,,,,,,,,,,,,,,,,,,,,,,,,,,,,,,,,,,,,,,,,,,,,,,,,,,,,,,,,,,,,,,,,,,,,,,,,,,,,,,,,,,,,,,,,,,,,,,,,,,,,,,,,,,,,,,,,,,,,,,,,,,,,,,,,,,,,,,,,,,,,,,,,,,,,,,,,,,,,,,,,,,,,,,,,,,,,,,,,,,,,,,,,,,,,,,,,,,,,,,,,,,,,,,,,,,,,,,,,,,,,,,,,,,,,,,,,,,,,,,,,,,,,,,,,,,,,,,,,,,,,,,,,,,,,,,,,,,,,,,,,,,,,,,,,,,,,,,,,,,,,
,,,,,,,,,,,,,,,,,,,,,,,,,,,,,,,,,,,,,,,,,,bide,marm,ringing,liar,mignonette,knell,comma,tint,gayly,pail,cranial,illogic,,folded,mutant,flute,nodded,tiptoe,heal,witching,forum,dulled,nonillion,,main,flak,peeped,cabal,toot,moneymen,neighed,fitting,loll,lobe,leant,enjoin,tipi,,beetle,mono,pulp,purloin,nene,gaff,bling,penne,deadhead,mondo,lilt,naif,icicle,putout,idiot,linen,halal,ruin,mama,tact,hind,infarct,dandled,ogle,,loin,nonce,weeded,hope,bonito,,click,raita,emend,mall,drop,veld,banyan,cola,grant,bosh,cite,mooch,gamine,keen,coca,inlay,muddied,lout,blabby,hived,microform,niggling,total,motto,libel,ceded,craning,peloton,tiara,covey,occur,idol,gone,laxity,petted,going,mate,,glutei,galley,papilla,name,,,,,,,,,,,,,,,,,,,,,,,,,,,,,,,,,,,,,,,,,,,,,,,,,,,,,,,,,,,,,,,,,,,,,,,,,,,,,,,,,,,,,,,,,,,,,,,,,,,,,,,,,,,,,,,,,,,,,,,,,,,,,,,,,,,,,,,,,,,,,,,,,,,,,,,,,,,,,,,,,,,,,,,,,,,,,,,,,,,,,,,,,,,,,,,,,,,,,,,,,,,,,,,,,,,,,,,,,,,,,,,,,,,,,,,,,,,,,,,,,,,,,,,,,,,,,,,,,,,,,,,,,,,,,,,,,,,,,,,,,,,,,,,,,,,,,,,,,,,,,,,,,,,,,,,,,,,,,,,,,,,,,,,,,,,,,,,,,,,
,,,,,,,,,,,,,,,,,,,,,,,,,,,,,,,,,,,,,,,,,,bided,mica,ruin,lira,mime,knob,command,titan,giddily,pain,cranny,loch,,follow,mutton,fuel,node,tiptop,healed,with,four,elide,notion,,maintain,flake,pend,cabala,toxic,mononym,neighing,gent,lone,lobo,lent,icon,tipping,,belie,monotone,pulpy,ruin,nude,gaga,blini,penny,deadheaded,mono,lilting,nonfat,illicit,putt,intention,melee,hall,ruing,mamma,tactic,hood,infract,dandy,oleo,,loon,nucleon,wetted,hoped,bonobo,,clicking,rapt,emended,mama,dropping,vole,bean,colcannon,grantor,boss,city,morocco,gaming,keened,cocoa,invalid,muff,oath,blat,hiving,micromini,piddling,walk,neon,libelee,ciabatta,cringing,penne,tibia,deco,ouch,idyl,gong,liability,petty,gong,matte,,glutted,gelee,pappy,namecheck,,,,,,,,,,,,,,,,,,,,,,,,,,,,,,,,,,,,,,,,,,,,,,,,,,,,,,,,,,,,,,,,,,,,,,,,,,,,,,,,,,,,,,,,,,,,,,,,,,,,,,,,,,,,,,,,,,,,,,,,,,,,,,,,,,,,,,,,,,,,,,,,,,,,,,,,,,,,,,,,,,,,,,,,,,,,,,,,,,,,,,,,,,,,,,,,,,,,,,,,,,,,,,,,,,,,,,,,,,,,,,,,,,,,,,,,,,,,,,,,,,,,,,,,,,,,,,,,,,,,,,,,,,,,,,,,,,,,,,,,,,,,,,,,,,,,,,,,,,,,,,,,,,,,,,,,,,,,,,,,,,,,,,,,,,,,,,,,,,,
,,,,,,,,,,,,,,,,,,,,,,,,,,,,,,,,,,,,,,,,,,bighead,micro,ruing,raga,mimeo,knoll,commando,train,giddy,palapa,cyan,loci,,followed,myna,full,none,toffee,heel,within,from,elided,obit,,mama,flat,pended,calf,toxicologic,moody,nigh,getting,loon,loll,lunate,iconic,tippling,,belittle,monte,pupil,union,undead,gait,gabbling,pent,each,moon,lint,nonfiction,libel,tapa,intentioned,mile,halo,ruining,mammal,take,hooding,naif,daze,ollie,,lotion,once,what,hopped,boob,,cling,rarity,ended,mamma,gird,voodoo,beanball,colon,groan,cobs,cyan,much,gamma,kendo,cocoon,invalidly,muffed,ought,brat,inveigh,micron,piling,walkout,nominee,lien,cicada,curing,pent,tidbit,decode,outro,idyll,gonna,lilt,plenty,gonging,meant,,guide,gene,papyri,nana,,,,,,,,,,,,,,,,,,,,,,,,,,,,,,,,,,,,,,,,,,,,,,,,,,,,,,,,,,,,,,,,,,,,,,,,,,,,,,,,,,,,,,,,,,,,,,,,,,,,,,,,,,,,,,,,,,,,,,,,,,,,,,,,,,,,,,,,,,,,,,,,,,,,,,,,,,,,,,,,,,,,,,,,,,,,,,,,,,,,,,,,,,,,,,,,,,,,,,,,,,,,,,,,,,,,,,,,,,,,,,,,,,,,,,,,,,,,,,,,,,,,,,,,,,,,,,,,,,,,,,,,,,,,,,,,,,,,,,,,,,,,,,,,,,,,,,,,,,,,,,,,,,,,,,,,,,,,,,,,,,,,,,,,,,,,,,,,,,,
,,,,,,,,,,,,,,,,,,,,,,,,,,,,,,,,,,,,,,,,,,bigheaded,microcrack,ruining,ragtag,miming,koala,common,trait,giggly,pall,cynic,loco,,food,naan,lettuce,noon,toot,heeled,witting,froufrou,elude,olio,,mamma,flatfeet,pendent,call,,moony,unheeded,gift,louche,loom,lunette,incontinence,tippy,,bell,monument,puppylike,unpin,undue,graffiti,gala,peon,echidna,mound,litigant,notification,libelee,topcoat,into,mill,haram,rung,mate,takeback,hoodoo,raffia,dazed,peel,,nonillion,ounce,wheat,hothead,booboo,,clinging,ratatat,ennoble,mammal,girding,,belay,colony,groat,cookbook,cynic,mucho,gang,keno,concatenate,lady,mummified,outgo,bratty,inveighed,mimic,pill,wall,none,life,cite,garaging,penult,trait,decoded,rout,lady,goon,lily,teddy,goon,meat,,guided,genealogy,parlay,nankeen,,,,,,,,,,,,,,,,,,,,,,,,,,,,,,,,,,,,,,,,,,,,,,,,,,,,,,,,,,,,,,,,,,,,,,,,,,,,,,,,,,,,,,,,,,,,,,,,,,,,,,,,,,,,,,,,,,,,,,,,,,,,,,,,,,,,,,,,,,,,,,,,,,,,,,,,,,,,,,,,,,,,,,,,,,,,,,,,,,,,,,,,,,,,,,,,,,,,,,,,,,,,,,,,,,,,,,,,,,,,,,,,,,,,,,,,,,,,,,,,,,,,,,,,,,,,,,,,,,,,,,,,,,,,,,,,,,,,,,,,,,,,,,,,,,,,,,,,,,,,,,,,,,,,,,,,,,,,,,,,,,,,,,,,,,,,,,,,,,,
,,,,,,,,,,,,,,,,,,,,,,,,,,,,,,,,,,,,,,,,,,dabbed,mimic,rung,rail,mine,koan,condo,trivia,gladly,palp,cynical,logic,,fool,nana,luau,nope,tope,held,,furl,eluded,onion,,manatee,flatfoot,penitent,calla,,needy,unheeding,gifting,luncheon,melee,lute,incontinent,typing,,belle,moon,ukulele,unroll,unneeded,graft,galangal,peony,echinacea,noncom,litigating,officiant,lice,unapt,intone,myelin,harm,running,matte,teacake,hotdog,raft,dazedly,peep,,nonunion,uncle,whee,hotheaded,boon,,clinic,rattrap,ennobled,maul,good,,blab,conch,grog,cookbooks,enact,occur,ganging,knee,concave,laid,muumuu,outthought,bray,inveighing,morocco,pilling,wallow,nonet,lifeline,cited,gracing,peon,triad,decoy,taut,laid,gotta,tail,teed,hock,meet,,guild,geology,parry,neck,,,,,,,,,,,,,,,,,,,,,,,,,,,,,,,,,,,,,,,,,,,,,,,,,,,,,,,,,,,,,,,,,,,,,,,,,,,,,,,,,,,,,,,,,,,,,,,,,,,,,,,,,,,,,,,,,,,,,,,,,,,,,,,,,,,,,,,,,,,,,,,,,,,,,,,,,,,,,,,,,,,,,,,,,,,,,,,,,,,,,,,,,,,,,,,,,,,,,,,,,,,,,,,,,,,,,,,,,,,,,,,,,,,,,,,,,,,,,,,,,,,,,,,,,,,,,,,,,,,,,,,,,,,,,,,,,,,,,,,,,,,,,,,,,,,,,,,,,,,,,,,,,,,,,,,,,,,,,,,,,,,,,,,,,,,,,,,,,,,
,,,,,,,,,,,,,,,,,,,,,,,,,,,,,,,,,,,,,,,,,,dead,mirror,runic,raita,mini,kola,condom,vain,idly,panini,cynically,logo,,fooled,nanny,luff,noun,tote,hell,,furor,icicle,thin,,mane,flea,penmen,callback,,yenned,unhidden,ignite,neocon,mile,luteal,injection,yipping,,belt,moot,yell,upon,unwaxed,gratify,gall,pone,enchain,nonunion,natal,officiation,licit,uncap,intoned,nicely,hoar,ungroup,maul,teak,hotdogging,riff,dazzle,peephole,,noon,uncool,whet,hotpot,boot,,clinical,ratty,lemon,mullah,grid,,blabby,cool,grotto,hobo,entice,ouch,gaze,kneed,concoct,lain,,tall,briar,ivied,moronic,,waul,noon,line,decade,grain,pollen,,decoyed,thou,load,gotten,tali,teen,hocking,mentee,,guile,glean,payday,nene,,,,,,,,,,,,,,,,,,,,,,,,,,,,,,,,,,,,,,,,,,,,,,,,,,,,,,,,,,,,,,,,,,,,,,,,,,,,,,,,,,,,,,,,,,,,,,,,,,,,,,,,,,,,,,,,,,,,,,,,,,,,,,,,,,,,,,,,,,,,,,,,,,,,,,,,,,,,,,,,,,,,,,,,,,,,,,,,,,,,,,,,,,,,,,,,,,,,,,,,,,,,,,,,,,,,,,,,,,,,,,,,,,,,,,,,,,,,,,,,,,,,,,,,,,,,,,,,,,,,,,,,,,,,,,,,,,,,,,,,,,,,,,,,,,,,,,,,,,,,,,,,,,,,,,,,,,,,,,,,,,,,,,,,,,,,,,,,,,,
,,,,,,,,,,,,,,,,,,,,,,,,,,,,,,,,,,,,,,,,,,deadhead,mock,running,ratatat,minim,kook,conic,variant,idyl,papa,inlay,logroll,,fowl,natant,lull,nude,,helm,,marm,idle,till,,mania,flee,penne,cilia,,yeomen,unhinge,igniting,neon,mill,natal,innocence,,,beta,mote,yelp,,unweaned,gray,galling,pong,enchained,noon,natant,tiff,lilt,upon,invention,yell,hologram,union,meal,teat,idiot,riffraff,dazzled,people,,notion,uncuff,whetted,oath,botanic,,clinician,rutty,lend,palapa,gridiron,,elan,coolly,grout,hobos,incant,rich,gazing,knock,cone,lanai,,tattoo,briary,vegged,noncom,,wool,note,linen,deceit,graining,pone,,dodo,touch,oddly,mage,tallit,teeny,hogging,meta,,guilt,glee,piddly,,,,,,,,,,,,,,,,,,,,,,,,,,,,,,,,,,,,,,,,,,,,,,,,,,,,,,,,,,,,,,,,,,,,,,,,,,,,,,,,,,,,,,,,,,,,,,,,,,,,,,,,,,,,,,,,,,,,,,,,,,,,,,,,,,,,,,,,,,,,,,,,,,,,,,,,,,,,,,,,,,,,,,,,,,,,,,,,,,,,,,,,,,,,,,,,,,,,,,,,,,,,,,,,,,,,,,,,,,,,,,,,,,,,,,,,,,,,,,,,,,,,,,,,,,,,,,,,,,,,,,,,,,,,,,,,,,,,,,,,,,,,,,,,,,,,,,,,,,,,,,,,,,,,,,,,,,,,,,,,,,,,,,,,,,,,,,,,,,,,
,,,,,,,,,,,,,,,,,,,,,,,,,,,,,,,,,,,,,,,,,,deadheaded,momma,ungiving,rattail,mining,lake,diamond,vibrant,idyll,papal,lain,loll,,offed,natty,lulu,odeon,,helmed,,molar,idled,tilt,,manna,fleet,penned,clack,,yond,unhinged,infinite,noel,mobile,natant,innocent,,,betel,motel,yule,,unwed,raffia,ganglia,pongee,enhance,noun,tagging,,lite,,iodide,,hoorah,unpin,meat,tibia,indigo,rift,dead,piehole,,noun,,whew,opted,cabana,,clink,tapir,lone,pall,grind,,enable,coyly,grunt,lobo,incite,rococo,image,knocked,connect,land,,taught,irritability,veggie,omicron,,,notion,nibble,decide,gran,pontoon,,done,tour,,magenta,taxability,teepee,honcho,mete,,guilted,glen,pill,,,,,,,,,,,,,,,,,,,,,,,,,,,,,,,,,,,,,,,,,,,,,,,,,,,,,,,,,,,,,,,,,,,,,,,,,,,,,,,,,,,,,,,,,,,,,,,,,,,,,,,,,,,,,,,,,,,,,,,,,,,,,,,,,,,,,,,,,,,,,,,,,,,,,,,,,,,,,,,,,,,,,,,,,,,,,,,,,,,,,,,,,,,,,,,,,,,,,,,,,,,,,,,,,,,,,,,,,,,,,,,,,,,,,,,,,,,,,,,,,,,,,,,,,,,,,,,,,,,,,,,,,,,,,,,,,,,,,,,,,,,,,,,,,,,,,,,,,,,,,,,,,,,,,,,,,,,,,,,,,,,,,,,,,,,,,,,,,,,,
,,,,,,,,,,,,,,,,,,,,,,,,,,,,,,,,,,,,,,,,,,deed,moor,unrig,rial,minion,lank,dino,,illy,papilla,lanai,olio,,wolf,noon,lute,open,,lade,,moor,incline,tilth,,manta,float,pent,facial,,yoohoo,unhinging,intent,nonce,mobilize,neat,intention,,,bible,motet,,,unwedded,raft,gangling,pontoon,enhanced,nuncio,taiga,,little,,iodine,,hora,unpinning,mecca,tibiae,nodding,tariff,deaden,pile,,null,,,peapod,cabin,,clinking,tarp,loon,palm,grinding,,eyeball,halcyon,guano,lobos,intact,romcom,imagine,kook,connote,landlady,,taut,irritably,vegging,ricin,,,ointment,nine,decided,grin,potent,,donee,tout,,maggot,taxi,teletype,honing,natant,,gull,goggle,pillar,,,,,,,,,,,,,,,,,,,,,,,,,,,,,,,,,,,,,,,,,,,,,,,,,,,,,,,,,,,,,,,,,,,,,,,,,,,,,,,,,,,,,,,,,,,,,,,,,,,,,,,,,,,,,,,,,,,,,,,,,,,,,,,,,,,,,,,,,,,,,,,,,,,,,,,,,,,,,,,,,,,,,,,,,,,,,,,,,,,,,,,,,,,,,,,,,,,,,,,,,,,,,,,,,,,,,,,,,,,,,,,,,,,,,,,,,,,,,,,,,,,,,,,,,,,,,,,,,,,,,,,,,,,,,,,,,,,,,,,,,,,,,,,,,,,,,,,,,,,,,,,,,,,,,,,,,,,,,,,,,,,,,,,,,,,,,,,,,,,,
,,,,,,,,,,,,,,,,,,,,,,,,,,,,,,,,,,,,,,,,,,deeded,morocco,unrigging,right,mint,leak,dodo,,inlay,papillon,naan,rigor,,wolfed,noun,luteal,opened,,laded,,moral,inclined,tint,,many,floe,pepped,fail,,,unhung,netting,none,moil,neaten,into,,,biblical,mottle,,,unweeded,raga,giggling,pony,hacienda,onion,tail,,loci,,neon,,lama,unrig,meet,tick,tiding,tiff,deadened,pipe,,nuncio,,,photo,ciabatta,,glacial,tarry,melodeon,palp,indigo,,jean,halo,guar,lobs,niacin,uric,imaging,kudu,contact,lava,,that,labia,vein,rococo,,,omen,,dedicate,grinning,punt,,donned,trout,,magma,tibia,tell,honk,neat,,gulled,gone,plaid,,,,,,,,,,,,,,,,,,,,,,,,,,,,,,,,,,,,,,,,,,,,,,,,,,,,,,,,,,,,,,,,,,,,,,,,,,,,,,,,,,,,,,,,,,,,,,,,,,,,,,,,,,,,,,,,,,,,,,,,,,,,,,,,,,,,,,,,,,,,,,,,,,,,,,,,,,,,,,,,,,,,,,,,,,,,,,,,,,,,,,,,,,,,,,,,,,,,,,,,,,,,,,,,,,,,,,,,,,,,,,,,,,,,,,,,,,,,,,,,,,,,,,,,,,,,,,,,,,,,,,,,,,,,,,,,,,,,,,,,,,,,,,,,,,,,,,,,,,,,,,,,,,,,,,,,,,,,,,,,,,,,,,,,,,,,,,,,,,,,
,,,,,,,,,,,,,,,,,,,,,,,,,,,,,,,,,,,,,,,,,,died,roam,urging,rill,minting,leek,domain,,inlaying,pavilion,nail,rococo,,woof,nutty,tactful,oxen,,laden,,mural,include,toil,,mate,foal,peptide,fall,,,,nineteen,noon,mole,nettle,intone,,,bilabial,motto,,,wand,ragtag,gill,potent,hand,udon,tailgating,,obit,,nodded,,largo,unrigging,melee,ticket,,traffic,deadeye,plie,,octillion,,,poet,nabob,,glancing,tart,melon,pampa,indoor,,jellybean,holly,guarantor,lookbook,nice,,imagining,neck,content,lily,,thou,labial,veined,romcom,,,omit,,dedicated,guar,teen,,dove,truth,,magnate,tibial,tend,honking,neaten,,gullet,gooey,play,,,,,,,,,,,,,,,,,,,,,,,,,,,,,,,,,,,,,,,,,,,,,,,,,,,,,,,,,,,,,,,,,,,,,,,,,,,,,,,,,,,,,,,,,,,,,,,,,,,,,,,,,,,,,,,,,,,,,,,,,,,,,,,,,,,,,,,,,,,,,,,,,,,,,,,,,,,,,,,,,,,,,,,,,,,,,,,,,,,,,,,,,,,,,,,,,,,,,,,,,,,,,,,,,,,,,,,,,,,,,,,,,,,,,,,,,,,,,,,,,,,,,,,,,,,,,,,,,,,,,,,,,,,,,,,,,,,,,,,,,,,,,,,,,,,,,,,,,,,,,,,,,,,,,,,,,,,,,,,,,,,,,,,,,,,,,,,,,,,,
,,,,,,,,,,,,,,,,,,,,,,,,,,,,,,,,,,,,,,,,,,ebbed,romcom,virgin,tart,mite,look,dominion,,lady,pavlova,nana,roil,,woofed,onto,tactual,peen,,ladle,,murmur,included,,,matey,folate,petit,fallback,,,,nite,noun,moll,next,ionic,,,bile,moue,,,wane,raita,gilling,teen,handed,uncommon,tailing,,oleic,,node,,llama,upon,melt,tieback,,,deadly,pole,,onion,,,pooh,nanobot,,icing,tartar,mend,papa,nodding,,label,holy,guru,lookbooks,nicety,,imam,necked,convect,livid,,though,lability,veining,,,,onetime,,dedicatee,guru,tenet,,doyen,tutor,,magnet,till,tended,hooch,tame,,gutted,google,pray,,,,,,,,,,,,,,,,,,,,,,,,,,,,,,,,,,,,,,,,,,,,,,,,,,,,,,,,,,,,,,,,,,,,,,,,,,,,,,,,,,,,,,,,,,,,,,,,,,,,,,,,,,,,,,,,,,,,,,,,,,,,,,,,,,,,,,,,,,,,,,,,,,,,,,,,,,,,,,,,,,,,,,,,,,,,,,,,,,,,,,,,,,,,,,,,,,,,,,,,,,,,,,,,,,,,,,,,,,,,,,,,,,,,,,,,,,,,,,,,,,,,,,,,,,,,,,,,,,,,,,,,,,,,,,,,,,,,,,,,,,,,,,,,,,,,,,,,,,,,,,,,,,,,,,,,,,,,,,,,,,,,,,,,,,,,,,,,,,,,
,,,,,,,,,,,,,,,,,,,,,,,,,,,,,,,,,,,,,,,,,,eddied,room,,tartar,mitt,lookbook,domino,,laggy,piano,nanny,roll,,,ottoman,taut,pend,,ladled,,oral,lede,,,matinee,folk,petite,filial,,,,teeing,nucleon,oleo,tale,join,,,bill,mount,,,waned,rarity,glazing,teeny,head,undid,taint,,olio,,none,,loam,upping,meme,tiki,,,deal,pope,,onto,,,poop,noob,,iliac,tiara,mended,papal,odor,,lane,honcho,nonagon,schoolbook,niece,,inane,nock,convene,lividly,,thought,liability,vend,,,,onion,,deice,incur,tenon,,doyenne,tutu,,magneto,tilt,tenet,hook,team,,lieu,lane,rapid,,,,,,,,,,,,,,,,,,,,,,,,,,,,,,,,,,,,,,,,,,,,,,,,,,,,,,,,,,,,,,,,,,,,,,,,,,,,,,,,,,,,,,,,,,,,,,,,,,,,,,,,,,,,,,,,,,,,,,,,,,,,,,,,,,,,,,,,,,,,,,,,,,,,,,,,,,,,,,,,,,,,,,,,,,,,,,,,,,,,,,,,,,,,,,,,,,,,,,,,,,,,,,,,,,,,,,,,,,,,,,,,,,,,,,,,,,,,,,,,,,,,,,,,,,,,,,,,,,,,,,,,,,,,,,,,,,,,,,,,,,,,,,,,,,,,,,,,,,,,,,,,,,,,,,,,,,,,,,,,,,,,,,,,,,,,,,,,,,,,
,,,,,,,,,,,,,,,,,,,,,,,,,,,,,,,,,,,,,,,,,,edge,,,thrall,mitten,nankeen,doodad,,lallygag,pianola,narc,,,,outman,tuffet,pended,,lama,,roam,lend,,,matte,folktale,petted,flab,,,,teen,oleo,olio,talent,joint,,,billable,mule,,,wanna,ratatat,glia,tenet,headache,undo,tainting,,ollie,,nonet,,logogram,urging,meta,tikka,,,dean,,,tinct,,,pooped,obit,,inclining,trait,mondo,puma,opioid,,lean,hooch,nougat,schoolbooks,tacet,,magazine,nocked,convent,nail,,thug,library,vended,,,,onto,,deiced,incurring,tent,,encode,,,manage,,tent,hooking,teammate,,luge,lean,rapidly,,,,,,,,,,,,,,,,,,,,,,,,,,,,,,,,,,,,,,,,,,,,,,,,,,,,,,,,,,,,,,,,,,,,,,,,,,,,,,,,,,,,,,,,,,,,,,,,,,,,,,,,,,,,,,,,,,,,,,,,,,,,,,,,,,,,,,,,,,,,,,,,,,,,,,,,,,,,,,,,,,,,,,,,,,,,,,,,,,,,,,,,,,,,,,,,,,,,,,,,,,,,,,,,,,,,,,,,,,,,,,,,,,,,,,,,,,,,,,,,,,,,,,,,,,,,,,,,,,,,,,,,,,,,,,,,,,,,,,,,,,,,,,,,,,,,,,,,,,,,,,,,,,,,,,,,,,,,,,,,,,,,,,,,,,,,,,,,,,,,
,,,,,,,,,,,,,,,,,,,,,,,,,,,,,,,,,,,,,,,,,,edged,,,thrill,moment,nook,doom,,lallygagging,plain,nary,,,,tantamount,tuft,penne,,lame,,roar,lenience,,,mean,fool,pied,flack,,,,teff,once,ollie,tall,neocon,,,billet,mull,,,waxen,ratify,glib,tenon,headed,union,tali,,tile,,nonevent,,magma,,metal,,,,delay,,,tint,,,pope,obtain,,kick,trap,mono,pupa,pidgin,,leanly,llano,orang,slob,tacit,,mage,nook,coot,naval,,toga,rabbi,vending,,,,ooze,,deicide,ingrain,tentpole,,encoded,,,management,,tented,icon,teat,,luged,leanly,ripply,,,,,,,,,,,,,,,,,,,,,,,,,,,,,,,,,,,,,,,,,,,,,,,,,,,,,,,,,,,,,,,,,,,,,,,,,,,,,,,,,,,,,,,,,,,,,,,,,,,,,,,,,,,,,,,,,,,,,,,,,,,,,,,,,,,,,,,,,,,,,,,,,,,,,,,,,,,,,,,,,,,,,,,,,,,,,,,,,,,,,,,,,,,,,,,,,,,,,,,,,,,,,,,,,,,,,,,,,,,,,,,,,,,,,,,,,,,,,,,,,,,,,,,,,,,,,,,,,,,,,,,,,,,,,,,,,,,,,,,,,,,,,,,,,,,,,,,,,,,,,,,,,,,,,,,,,,,,,,,,,,,,,,,,,,,,,,,,,,,,
,,,,,,,,,,,,,,,,,,,,,,,,,,,,,,,,,,,,,,,,,,egad,,,tiara,mono,oaken,icon,,landlady,plan,niacin,,,,taunt,tulle,penned,,lamed,,roll,leucine,,,meanie,foot,pimp,flail,,,,tenet,ouch,,tattle,neon,,,bite,mullet,,,wean,ratty,labia,tent,heed,,tall,,till,,noon,,mall,,mete,,,,delayed,,,tonic,,,poppa,taboo,,kicking,tray,moon,pupal,pond,,naan,loach,orangutan,slobs,tact,,magi,nuke,cote,vainly,,toll,rabbit,vied,,,,ozone,,detect,ingraining,tone,,envoy,,,manga,,tepee,iconic,teem,,lugged,legal,yappy,,,,,,,,,,,,,,,,,,,,,,,,,,,,,,,,,,,,,,,,,,,,,,,,,,,,,,,,,,,,,,,,,,,,,,,,,,,,,,,,,,,,,,,,,,,,,,,,,,,,,,,,,,,,,,,,,,,,,,,,,,,,,,,,,,,,,,,,,,,,,,,,,,,,,,,,,,,,,,,,,,,,,,,,,,,,,,,,,,,,,,,,,,,,,,,,,,,,,,,,,,,,,,,,,,,,,,,,,,,,,,,,,,,,,,,,,,,,,,,,,,,,,,,,,,,,,,,,,,,,,,,,,,,,,,,,,,,,,,,,,,,,,,,,,,,,,,,,,,,,,,,,,,,,,,,,,,,,,,,,,,,,,,,,,,,,,,,,,,,,
,,,,,,,,,,,,,,,,,,,,,,,,,,,,,,,,,,,,,,,,,,egged,,,trail,monotone,,iconic,,laying,poppa,ninny,,,,tony,tutee,peon,,land,,roof,lice,,,meant,footfall,pimped,flak,,,,tent,ounce,,tattletale,nicotine,,,blab,mute,,,weaned,riffraff,labial,tone,heeded,,tallit,,tilt,,note,,mama,,mettle,,,,dyad,,,toon,,,popped,tibia,,knack,trip,mooned,,priding,,nana,loan,organ,sobs,tactic,,magma,nuked,cotenant,valid,,tool,ratability,vine,,,,tenon,,detected,inuring,tonne,,neocon,,,mange,,type,ionic,teen,,lull,legally,,,,,,,,,,,,,,,,,,,,,,,,,,,,,,,,,,,,,,,,,,,,,,,,,,,,,,,,,,,,,,,,,,,,,,,,,,,,,,,,,,,,,,,,,,,,,,,,,,,,,,,,,,,,,,,,,,,,,,,,,,,,,,,,,,,,,,,,,,,,,,,,,,,,,,,,,,,,,,,,,,,,,,,,,,,,,,,,,,,,,,,,,,,,,,,,,,,,,,,,,,,,,,,,,,,,,,,,,,,,,,,,,,,,,,,,,,,,,,,,,,,,,,,,,,,,,,,,,,,,,,,,,,,,,,,,,,,,,,,,,,,,,,,,,,,,,,,,,,,,,,,,,,,,,,,,,,,,,,,,,,,,,,,,,,,,,,,,,,,,,
,,,,,,,,,,,,,,,,,,,,,,,,,,,,,,,,,,,,,,,,,,egghead,,,trait,monte,,idiom,,lily,vain,rain,,,,toon,tutu,pond,,landed,,room,lidded,,,meantime,leaf,pine,iliac,,,,tenting,uncool,,taunt,nonce,,,blat,mutt,,,wend,taffy,labializing,tong,heinie,,tang,,title,,noted,,mamma,,mule,,,,elan,,,tuition,,,poppet,tobacco,,knickknack,trippy,need,,prod,,nanny,local,outgo,,tactician,,maim,uncock,cotton,validly,,toot,ribbit,vivid,,,,timezone,,diabetic,inurn,toon,,neon,,,mango,,typed,knock,tenant,,lulled,leggy,,,,,,,,,,,,,,,,,,,,,,,,,,,,,,,,,,,,,,,,,,,,,,,,,,,,,,,,,,,,,,,,,,,,,,,,,,,,,,,,,,,,,,,,,,,,,,,,,,,,,,,,,,,,,,,,,,,,,,,,,,,,,,,,,,,,,,,,,,,,,,,,,,,,,,,,,,,,,,,,,,,,,,,,,,,,,,,,,,,,,,,,,,,,,,,,,,,,,,,,,,,,,,,,,,,,,,,,,,,,,,,,,,,,,,,,,,,,,,,,,,,,,,,,,,,,,,,,,,,,,,,,,,,,,,,,,,,,,,,,,,,,,,,,,,,,,,,,,,,,,,,,,,,,,,,,,,,,,,,,,,,,,,,,,,,,,,,,,,,,,
,,,,,,,,,,,,,,,,,,,,,,,,,,,,,,,,,,,,,,,,,,eggheaded,,,trial,mooing,,ionic,,lying,vanilla,rainy,,,,tuna,ululate,pone,,lane,,roomful,lied,,,meany,leaflet,pined,kickback,,,,tiff,,,taut,none,,,bleat,mutton,,,wended,taiga,lagging,tonne,hence,,tangling,,tittle,,notion,,mammal,,mull,,,,eland,,,tunic,,,potato,,,lacing,yurt,needed,,prodding,,,locally,outgun,,tannic,,maiming,uncocked,cove,vandal,,tooth,ribby,,,,,tome,,dice,inurning,tune,,nodded,,,mega,,yente,knocking,tenement,,lulu,loge,,,,,,,,,,,,,,,,,,,,,,,,,,,,,,,,,,,,,,,,,,,,,,,,,,,,,,,,,,,,,,,,,,,,,,,,,,,,,,,,,,,,,,,,,,,,,,,,,,,,,,,,,,,,,,,,,,,,,,,,,,,,,,,,,,,,,,,,,,,,,,,,,,,,,,,,,,,,,,,,,,,,,,,,,,,,,,,,,,,,,,,,,,,,,,,,,,,,,,,,,,,,,,,,,,,,,,,,,,,,,,,,,,,,,,,,,,,,,,,,,,,,,,,,,,,,,,,,,,,,,,,,,,,,,,,,,,,,,,,,,,,,,,,,,,,,,,,,,,,,,,,,,,,,,,,,,,,,,,,,,,,,,,,,,,,,,,,,,,,,,
,,,,,,,,,,,,,,,,,,,,,,,,,,,,,,,,,,,,,,,,,,gabbed,,,trig,moon,,mammon,,naggy,vanillin,rani,,,,unman,,pound,,lead,,ruff,lien,,,meat,left,pinned,kickball,,,,tine,,,tauten,nonet,,,cabal,muumuu,,,,tariff,lain,tony,henna,,tannin,,toil,,odeon,,mammogram,,mullet,,,,ennead,,,uncoil,,,pothead,,,lack,,needle,,ridding,,,loch,raga,,tenacity,,main,uncooked,coven,vanilla,,total,tabby,,,,,tomtit,,diced,narc,tuneup,,node,,,megaton,,,kook,tenet,,lute,lone,,,,,,,,,,,,,,,,,,,,,,,,,,,,,,,,,,,,,,,,,,,,,,,,,,,,,,,,,,,,,,,,,,,,,,,,,,,,,,,,,,,,,,,,,,,,,,,,,,,,,,,,,,,,,,,,,,,,,,,,,,,,,,,,,,,,,,,,,,,,,,,,,,,,,,,,,,,,,,,,,,,,,,,,,,,,,,,,,,,,,,,,,,,,,,,,,,,,,,,,,,,,,,,,,,,,,,,,,,,,,,,,,,,,,,,,,,,,,,,,,,,,,,,,,,,,,,,,,,,,,,,,,,,,,,,,,,,,,,,,,,,,,,,,,,,,,,,,,,,,,,,,,,,,,,,,,,,,,,,,,,,,,,,,,,,,,,,,,,,,,
,,,,,,,,,,,,,,,,,,,,,,,,,,,,,,,,,,,,,,,,,,gadded,,,trill,mooning,,minion,,nanny,vanpool,ricin,,,,unmount,,pounded,,leaded,,rumor,lieu,,,meaty,loaf,pinniped,labia,,,,tinge,,,taxa,noon,,,cabala,omelet,,,,tarry,lanai,toon,hennaed,,tanning,,toile,,onion,,marm,,mutate,,,,lade,,,uncool,,,potted,,,lacking,,needled,,ridging,,,loco,ragout,,tenancy,,maize,undock,covenant,vanillin,,tough,tabla,,,,,tone,,dicta,nigiri,tunnel,,nonce,,,montage,,,nock,tent,,tugged,lonely,,,,,,,,,,,,,,,,,,,,,,,,,,,,,,,,,,,,,,,,,,,,,,,,,,,,,,,,,,,,,,,,,,,,,,,,,,,,,,,,,,,,,,,,,,,,,,,,,,,,,,,,,,,,,,,,,,,,,,,,,,,,,,,,,,,,,,,,,,,,,,,,,,,,,,,,,,,,,,,,,,,,,,,,,,,,,,,,,,,,,,,,,,,,,,,,,,,,,,,,,,,,,,,,,,,,,,,,,,,,,,,,,,,,,,,,,,,,,,,,,,,,,,,,,,,,,,,,,,,,,,,,,,,,,,,,,,,,,,,,,,,,,,,,,,,,,,,,,,,,,,,,,,,,,,,,,,,,,,,,,,,,,,,,,,,,,,,,,,,,,
,,,,,,,,,,,,,,,,,,,,,,,,,,,,,,,,,,,,,,,,,,gagged,,,,moot,,moan,,nannying,vial,yarn,,,,unto,,punned,,leaden,,rural,line,,,meet,loft,pint,labial,,,,tingeing,,,teal,note,,,cabbie,omelette,,,,tart,lazing,yente,hidden,,tantalizing,,toilet,,onto,,molar,,mute,,,,laded,,,unction,,,tattoo,,,laic,,nene,,riding,,,loll,ragtag,,tinct,,mama,undocked,covet,vial,,tout,tibia,,,,,tonne,,dictate,racing,unlet,,none,,,nametag,,,nocking,,,tulle,nene,,,,,,,,,,,,,,,,,,,,,,,,,,,,,,,,,,,,,,,,,,,,,,,,,,,,,,,,,,,,,,,,,,,,,,,,,,,,,,,,,,,,,,,,,,,,,,,,,,,,,,,,,,,,,,,,,,,,,,,,,,,,,,,,,,,,,,,,,,,,,,,,,,,,,,,,,,,,,,,,,,,,,,,,,,,,,,,,,,,,,,,,,,,,,,,,,,,,,,,,,,,,,,,,,,,,,,,,,,,,,,,,,,,,,,,,,,,,,,,,,,,,,,,,,,,,,,,,,,,,,,,,,,,,,,,,,,,,,,,,,,,,,,,,,,,,,,,,,,,,,,,,,,,,,,,,,,,,,,,,,,,,,,,,,,,,,,,,,,,,,
,,,,,,,,,,,,,,,,,,,,,,,,,,,,,,,,,,,,,,,,,,gibed,,,,mooting,,momma,,ninny,villa,,,,,yuan,,udon,,lean,,,lined,,,meme,loofa,pipe,lack,,,,tinging,,,teat,notice,,,cable,omen,,,,tartar,lining,,hide,,tatting,,toilette,,oven,,momma,,mutt,,,,laden,,,uncut,,,tattooed,,,laical,,neon,,rigid,,,loon,ragu,,titanic,,mamma,,ecotone,villa,,tutu,tibial,,,,,toon,,dictated,raga,unopen,,noon,,,negate,,,noggin,,,tutee,neon,,,,,,,,,,,,,,,,,,,,,,,,,,,,,,,,,,,,,,,,,,,,,,,,,,,,,,,,,,,,,,,,,,,,,,,,,,,,,,,,,,,,,,,,,,,,,,,,,,,,,,,,,,,,,,,,,,,,,,,,,,,,,,,,,,,,,,,,,,,,,,,,,,,,,,,,,,,,,,,,,,,,,,,,,,,,,,,,,,,,,,,,,,,,,,,,,,,,,,,,,,,,,,,,,,,,,,,,,,,,,,,,,,,,,,,,,,,,,,,,,,,,,,,,,,,,,,,,,,,,,,,,,,,,,,,,,,,,,,,,,,,,,,,,,,,,,,,,,,,,,,,,,,,,,,,,,,,,,,,,,,,,,,,,,,,,,,,,,,,,,
,,,,,,,,,,,,,,,,,,,,,,,,,,,,,,,,,,,,,,,,,,gigged,,,,mote,,monad,,yang,villain,,,,,,,undo,,leaned,,,linen,,,mentee,offal,piped,laic,,,,tinning,,,teen,notion,,,callable,teem,,,,tatty,nail,,hind,,tattling,,,,ovine,,moola,,mutual,,,,ladle,,,union,,,teapot,,,lancing,,noble,,rind,,,loony,rang,,,,manage,,enact,villain,,,tribal,,,,,toonie,,didact,ragging,unpen,,odeon,,,nonagon,,,nook,,,tutted,noel,,,,,,,,,,,,,,,,,,,,,,,,,,,,,,,,,,,,,,,,,,,,,,,,,,,,,,,,,,,,,,,,,,,,,,,,,,,,,,,,,,,,,,,,,,,,,,,,,,,,,,,,,,,,,,,,,,,,,,,,,,,,,,,,,,,,,,,,,,,,,,,,,,,,,,,,,,,,,,,,,,,,,,,,,,,,,,,,,,,,,,,,,,,,,,,,,,,,,,,,,,,,,,,,,,,,,,,,,,,,,,,,,,,,,,,,,,,,,,,,,,,,,,,,,,,,,,,,,,,,,,,,,,,,,,,,,,,,,,,,,,,,,,,,,,,,,,,,,,,,,,,,,,,,,,,,,,,,,,,,,,,,,,,,,,,,,,,,,,,,,
,,,,,,,,,,,,,,,,,,,,,,,,,,,,,,,,,,,,,,,,,,head,,,,motet,,mondo,,,viola,,,,,,,undone,,lede,,,lucid,,,meta,taffeta,pipet,laical,,,,tint,,,teletext,octet,,,celeb,tenement,,,,tiara,nailing,,inch,,tiling,,,,ovoid,,moolah,,muumuu,,,,ladled,,,unit,,,toad,,,lick,,noblemen,,rondo,,,loyal,rotgut,,,,managing,,neocon,villainy,,,tribally,,,,,toot,,didactic,raging,unto,,once,,,ogee,,,noon,,,tutti,none,,,,,,,,,,,,,,,,,,,,,,,,,,,,,,,,,,,,,,,,,,,,,,,,,,,,,,,,,,,,,,,,,,,,,,,,,,,,,,,,,,,,,,,,,,,,,,,,,,,,,,,,,,,,,,,,,,,,,,,,,,,,,,,,,,,,,,,,,,,,,,,,,,,,,,,,,,,,,,,,,,,,,,,,,,,,,,,,,,,,,,,,,,,,,,,,,,,,,,,,,,,,,,,,,,,,,,,,,,,,,,,,,,,,,,,,,,,,,,,,,,,,,,,,,,,,,,,,,,,,,,,,,,,,,,,,,,,,,,,,,,,,,,,,,,,,,,,,,,,,,,,,,,,,,,,,,,,,,,,,,,,,,,,,,,,,,,,,,,,,,
,,,,,,,,,,,,,,,,,,,,,,,,,,,,,,,,,,,,,,,,,,headed,,,,motion,,mono,,,voila,,,,,,,undue,,lemma,,,lull,,,mete,takeoff,pipette,lilac,,,,tinting,,,telex,once,,,celibate,tome,,,,trait,nibbling,,inched,,till,,,,tendon,,moral,,talcum,,,,lady,,,unlit,,,toed,,,licking,,nodded,,rood,,,loyally,rung,,,,mane,,nonce,vinyl,,,trilby,,,,,tote,,dietetic,ragu,untune,,oven,,,omega,,,oink,,,tutu,oenology,,,,,,,,,,,,,,,,,,,,,,,,,,,,,,,,,,,,,,,,,,,,,,,,,,,,,,,,,,,,,,,,,,,,,,,,,,,,,,,,,,,,,,,,,,,,,,,,,,,,,,,,,,,,,,,,,,,,,,,,,,,,,,,,,,,,,,,,,,,,,,,,,,,,,,,,,,,,,,,,,,,,,,,,,,,,,,,,,,,,,,,,,,,,,,,,,,,,,,,,,,,,,,,,,,,,,,,,,,,,,,,,,,,,,,,,,,,,,,,,,,,,,,,,,,,,,,,,,,,,,,,,,,,,,,,,,,,,,,,,,,,,,,,,,,,,,,,,,,,,,,,,,,,,,,,,,,,,,,,,,,,,,,,,,,,,,,,,,,,,,
,,,,,,,,,,,,,,,,,,,,,,,,,,,,,,,,,,,,,,,,,,hedge,,,,motioning,,monomania,,,,,,,,,,unneeded,,lend,,,lulled,,,mien,teff,pipit,,,,,,,,tell,onion,,,ciabatta,totem,,,,tray,niggling,,niche,,tilling,,,,tenon,,oral,,tamale,,,,land,,,until,,,toot,,,lilac,,node,,,,,nacho,tang,,,,manga,,ocean,vividly,,,,,,,,totem,,edict,rain,upon,,voodoo,,,tang,,,oinking,,,utile,ogee,,,,,,,,,,,,,,,,,,,,,,,,,,,,,,,,,,,,,,,,,,,,,,,,,,,,,,,,,,,,,,,,,,,,,,,,,,,,,,,,,,,,,,,,,,,,,,,,,,,,,,,,,,,,,,,,,,,,,,,,,,,,,,,,,,,,,,,,,,,,,,,,,,,,,,,,,,,,,,,,,,,,,,,,,,,,,,,,,,,,,,,,,,,,,,,,,,,,,,,,,,,,,,,,,,,,,,,,,,,,,,,,,,,,,,,,,,,,,,,,,,,,,,,,,,,,,,,,,,,,,,,,,,,,,,,,,,,,,,,,,,,,,,,,,,,,,,,,,,,,,,,,,,,,,,,,,,,,,,,,,,,,,,,,,,,,,,,,,,,,,
,,,,,,,,,,,,,,,,,,,,,,,,,,,,,,,,,,,,,,,,,,hedged,,,,motto,,monomaniac,,,,,,,,,,unopen,,llama,,,lulu,,,mime,toffee,pippin,,,,,,,,telltale,onto,,,citable,tumult,,,,,,,,,tilt,,,,tenoned,,raga,,tame,,,,landed,,,unto,,,tooted,,,niacin,,noel,,,,,nonlocal,tango,,,,mange,,octane,,,,,,,,,zone,,eidetic,raining,,,yond,,,tangent,,,ongoing,,,,ogle,,,,,,,,,,,,,,,,,,,,,,,,,,,,,,,,,,,,,,,,,,,,,,,,,,,,,,,,,,,,,,,,,,,,,,,,,,,,,,,,,,,,,,,,,,,,,,,,,,,,,,,,,,,,,,,,,,,,,,,,,,,,,,,,,,,,,,,,,,,,,,,,,,,,,,,,,,,,,,,,,,,,,,,,,,,,,,,,,,,,,,,,,,,,,,,,,,,,,,,,,,,,,,,,,,,,,,,,,,,,,,,,,,,,,,,,,,,,,,,,,,,,,,,,,,,,,,,,,,,,,,,,,,,,,,,,,,,,,,,,,,,,,,,,,,,,,,,,,,,,,,,,,,,,,,,,,,,,,,,,,,,,,,,,,,,,,,,,,,,,,
,,,,,,,,,,,,,,,,,,,,,,,,,,,,,,,,,,,,,,,,,,heed,,,,nominee,,mood,,,,,,,,,,unopened,,male,,,lune,,,mine,,pitied,,,,,,,,tenant,tectonic,,,electable,unmet,,,,,,,,,tilting,,,,toed,,roam,,team,,,,landlady,,,,,,tooth,,,nick,,none,,,,,noon,tarragon,,,,mania,,octant,,,,,,,,,zoom,,iced,rang,,,,,,tango,,,onion,,,,oleo,,,,,,,,,,,,,,,,,,,,,,,,,,,,,,,,,,,,,,,,,,,,,,,,,,,,,,,,,,,,,,,,,,,,,,,,,,,,,,,,,,,,,,,,,,,,,,,,,,,,,,,,,,,,,,,,,,,,,,,,,,,,,,,,,,,,,,,,,,,,,,,,,,,,,,,,,,,,,,,,,,,,,,,,,,,,,,,,,,,,,,,,,,,,,,,,,,,,,,,,,,,,,,,,,,,,,,,,,,,,,,,,,,,,,,,,,,,,,,,,,,,,,,,,,,,,,,,,,,,,,,,,,,,,,,,,,,,,,,,,,,,,,,,,,,,,,,,,,,,,,,,,,,,,,,,,,,,,,,,,,,,,,,,,,,,,,,,,,,,,,
,,,,,,,,,,,,,,,,,,,,,,,,,,,,,,,,,,,,,,,,,,heeded,,,,ointment,,moon,,,,,,,,,,unpen,,mall,,,needle,,,mini,,pitted,,,,,,,,tenet,tenon,,,label,unmount,,,,,,,,,tinging,,,,tone,,roar,,teammate,,,,lane,,,,,,toothed,,,nicking,,noob,,,,,nylon,toga,,,,manna,,octave,,,,,,,,,,,tacet,ranging,,,,,,teenage,,,,,,,yell,,,,,,,,,,,,,,,,,,,,,,,,,,,,,,,,,,,,,,,,,,,,,,,,,,,,,,,,,,,,,,,,,,,,,,,,,,,,,,,,,,,,,,,,,,,,,,,,,,,,,,,,,,,,,,,,,,,,,,,,,,,,,,,,,,,,,,,,,,,,,,,,,,,,,,,,,,,,,,,,,,,,,,,,,,,,,,,,,,,,,,,,,,,,,,,,,,,,,,,,,,,,,,,,,,,,,,,,,,,,,,,,,,,,,,,,,,,,,,,,,,,,,,,,,,,,,,,,,,,,,,,,,,,,,,,,,,,,,,,,,,,,,,,,,,,,,,,,,,,,,,,,,,,,,,,,,,,,,,,,,,,,,,,,,,,,,,,,,,,,,
,,,,,,,,,,,,,,,,,,,,,,,,,,,,,,,,,,,,,,,,,,hide,,,,omen,,nomad,,,,,,,,,,unpenned,,mammal,,,needled,,,minim,,teepee,,,,,,,,tent,tone,,,labia,unmute,,,,,,,,,tingling,,,,toned,,,,teem,,,,laze,,,,,,tope,,,,,noodle,,,,,onlay,tong,,,,manning,,octet,,,,,,,,,,,tacit,rani,,,,,,toga,,,,,,,,,,,,,,,,,,,,,,,,,,,,,,,,,,,,,,,,,,,,,,,,,,,,,,,,,,,,,,,,,,,,,,,,,,,,,,,,,,,,,,,,,,,,,,,,,,,,,,,,,,,,,,,,,,,,,,,,,,,,,,,,,,,,,,,,,,,,,,,,,,,,,,,,,,,,,,,,,,,,,,,,,,,,,,,,,,,,,,,,,,,,,,,,,,,,,,,,,,,,,,,,,,,,,,,,,,,,,,,,,,,,,,,,,,,,,,,,,,,,,,,,,,,,,,,,,,,,,,,,,,,,,,,,,,,,,,,,,,,,,,,,,,,,,,,,,,,,,,,,,,,,,,,,,,,,,,,,,,,,,,,,,,,,,,,,,,,,,,,,,,,,
,,,,,,,,,,,,,,,,,,,,,,,,,,,,,,,,,,,,,,,,,,idea,,,,omit,,nomadic,,,,,,,,,,upend,,mandala,,,nuclei,,,minima,,temp,,,,,,,,text,tonic,,,labial,,,,,,,,,,tinning,,,,tonne,,,,tumult,,,,lazed,,,,,,toped,,,,,noodled,,,,,only,untag,,,,maze,,once,,,,,,,,,,,tact,raring,,,,,,tong,,,,,,,,,,,,,,,,,,,,,,,,,,,,,,,,,,,,,,,,,,,,,,,,,,,,,,,,,,,,,,,,,,,,,,,,,,,,,,,,,,,,,,,,,,,,,,,,,,,,,,,,,,,,,,,,,,,,,,,,,,,,,,,,,,,,,,,,,,,,,,,,,,,,,,,,,,,,,,,,,,,,,,,,,,,,,,,,,,,,,,,,,,,,,,,,,,,,,,,,,,,,,,,,,,,,,,,,,,,,,,,,,,,,,,,,,,,,,,,,,,,,,,,,,,,,,,,,,,,,,,,,,,,,,,,,,,,,,,,,,,,,,,,,,,,,,,,,,,,,,,,,,,,,,,,,,,,,,,,,,,,,,,,,,,,,,,,,,,,,,,,,,,,,
,,,,,,,,,,,,,,,,,,,,,,,,,,,,,,,,,,,,,,,,,,,,,,omitting,,noncom,,,,,,,,,,upended,,manhandle,,,nucleic,,,mint,,temped,,,,,,,,textual,tonne,,,labile,,,,,,,,,,tint,,,,toon,,,,umlaut,,,,lazy,,,,,,topped,,,,,noon,,,,,yahoo,,,,,mean,,tacet,,,,,,,,,,,tactic,ricin,,,,,,tonnage,,,,,,,,,,,,,,,,,,,,,,,,,,,,,,,,,,,,,,,,,,,,,,,,,,,,,,,,,,,,,,,,,,,,,,,,,,,,,,,,,,,,,,,,,,,,,,,,,,,,,,,,,,,,,,,,,,,,,,,,,,,,,,,,,,,,,,,,,,,,,,,,,,,,,,,,,,,,,,,,,,,,,,,,,,,,,,,,,,,,,,,,,,,,,,,,,,,,,,,,,,,,,,,,,,,,,,,,,,,,,,,,,,,,,,,,,,,,,,,,,,,,,,,,,,,,,,,,,,,,,,,,,,,,,,,,,,,,,,,,,,,,,,,,,,,,,,,,,,,,,,,,,,,,,,,,,,,,,,,,,,,,,,,,,,,,,,,,,,,,,,,,,,,,
,,,,,,,,,,,,,,,,,,,,,,,,,,,,,,,,,,,,,,,,,,,,,,onetime,,noon,,,,,,,,,,upon,,manhandled,,,null,,,minty,,tempi,,,,,,,,tulle,toon,,,liable,,,,,,,,,,tinting,,,,toonie,,,,,,,,lead,,,,,,tote,,,,,odeon,,,,,yoohoo,,,,,meanie,,taco,,,,,,,,,,,,ricing,,,,,,,,,,,,,,,,,,,,,,,,,,,,,,,,,,,,,,,,,,,,,,,,,,,,,,,,,,,,,,,,,,,,,,,,,,,,,,,,,,,,,,,,,,,,,,,,,,,,,,,,,,,,,,,,,,,,,,,,,,,,,,,,,,,,,,,,,,,,,,,,,,,,,,,,,,,,,,,,,,,,,,,,,,,,,,,,,,,,,,,,,,,,,,,,,,,,,,,,,,,,,,,,,,,,,,,,,,,,,,,,,,,,,,,,,,,,,,,,,,,,,,,,,,,,,,,,,,,,,,,,,,,,,,,,,,,,,,,,,,,,,,,,,,,,,,,,,,,,,,,,,,,,,,,,,,,,,,,,,,,,,,,,,,,,,,,,,,,,,,,,,,,,,,,,,,
,,,,,,,,,,,,,,,,,,,,,,,,,,,,,,,,,,,,,,,,,,,,,,teem,,onion,,,,,,,,,,xenon,,meal,,,uncle,,,mite,,tempt,,,,,,,,tuna,toonie,,,libel,,,,,,,,,,titan,,,,toot,,,,,,,,leaded,,,,,,toted,,,,,olden,,,,,,,,,,meaning,,tact,,,,,,,,,,,,rigging,,,,,,,,,,,,,,,,,,,,,,,,,,,,,,,,,,,,,,,,,,,,,,,,,,,,,,,,,,,,,,,,,,,,,,,,,,,,,,,,,,,,,,,,,,,,,,,,,,,,,,,,,,,,,,,,,,,,,,,,,,,,,,,,,,,,,,,,,,,,,,,,,,,,,,,,,,,,,,,,,,,,,,,,,,,,,,,,,,,,,,,,,,,,,,,,,,,,,,,,,,,,,,,,,,,,,,,,,,,,,,,,,,,,,,,,,,,,,,,,,,,,,,,,,,,,,,,,,,,,,,,,,,,,,,,,,,,,,,,,,,,,,,,,,,,,,,,,,,,,,,,,,,,,,,,,,,,,,,,,,,,,,,,,,,,,,,,,,,,,,,,,,,,,,,,,,,
,,,,,,,,,,,,,,,,,,,,,,,,,,,,,,,,,,,,,,,,,,,,,,teeming,,,,,,,,,,,,,,medal,,,unlined,,,mitt,,tempted,,,,,,,,tune,toot,,,libelee,,,,,,,,,,titillating,,,,tooted,,,,,,,,leaden,,,,,,,,,,,omen,,,,,,,,,,mega,,toccata,,,,,,,,,,,,ring,,,,,,,,,,,,,,,,,,,,,,,,,,,,,,,,,,,,,,,,,,,,,,,,,,,,,,,,,,,,,,,,,,,,,,,,,,,,,,,,,,,,,,,,,,,,,,,,,,,,,,,,,,,,,,,,,,,,,,,,,,,,,,,,,,,,,,,,,,,,,,,,,,,,,,,,,,,,,,,,,,,,,,,,,,,,,,,,,,,,,,,,,,,,,,,,,,,,,,,,,,,,,,,,,,,,,,,,,,,,,,,,,,,,,,,,,,,,,,,,,,,,,,,,,,,,,,,,,,,,,,,,,,,,,,,,,,,,,,,,,,,,,,,,,,,,,,,,,,,,,,,,,,,,,,,,,,,,,,,,,,,,,,,,,,,,,,,,,,,,,,,,,,,,,,,,,,
,,,,,,,,,,,,,,,,,,,,,,,,,,,,,,,,,,,,,,,,,,,,,,tenement,,,,,,,,,,,,,,medaled,,,,,,mitten,,tenpin,,,,,,,,tunnel,tote,,,tabla,,,,,,,,,,titling,,,,tote,,,,,,,,leadenly,,,,,,,,,,,,,,,,,,,,,mezzanine,,vacant,,,,,,,,,,,,ringing,,,,,,,,,,,,,,,,,,,,,,,,,,,,,,,,,,,,,,,,,,,,,,,,,,,,,,,,,,,,,,,,,,,,,,,,,,,,,,,,,,,,,,,,,,,,,,,,,,,,,,,,,,,,,,,,,,,,,,,,,,,,,,,,,,,,,,,,,,,,,,,,,,,,,,,,,,,,,,,,,,,,,,,,,,,,,,,,,,,,,,,,,,,,,,,,,,,,,,,,,,,,,,,,,,,,,,,,,,,,,,,,,,,,,,,,,,,,,,,,,,,,,,,,,,,,,,,,,,,,,,,,,,,,,,,,,,,,,,,,,,,,,,,,,,,,,,,,,,,,,,,,,,,,,,,,,,,,,,,,,,,,,,,,,,,,,,,,,,,,,,,,,,,,,,,,,,
,,,,,,,,,,,,,,,,,,,,,,,,,,,,,,,,,,,,,,,,,,,,,,time,,,,,,,,,,,,,,meddle,,,,,,myna,,tepee,,,,,,,,tutee,,,,table,,,,,,,,,,ziti,,,,toted,,,,,,,,lean,,,,,,,,,,,,,,,,,,,,,minima,,vacate,,,,,,,,,,,,ruin,,,,,,,,,,,,,,,,,,,,,,,,,,,,,,,,,,,,,,,,,,,,,,,,,,,,,,,,,,,,,,,,,,,,,,,,,,,,,,,,,,,,,,,,,,,,,,,,,,,,,,,,,,,,,,,,,,,,,,,,,,,,,,,,,,,,,,,,,,,,,,,,,,,,,,,,,,,,,,,,,,,,,,,,,,,,,,,,,,,,,,,,,,,,,,,,,,,,,,,,,,,,,,,,,,,,,,,,,,,,,,,,,,,,,,,,,,,,,,,,,,,,,,,,,,,,,,,,,,,,,,,,,,,,,,,,,,,,,,,,,,,,,,,,,,,,,,,,,,,,,,,,,,,,,,,,,,,,,,,,,,,,,,,,,,,,,,,,,,,,,,,,,,,,,,,,,,
,,,,,,,,,,,,,,,,,,,,,,,,,,,,,,,,,,,,,,,,,,,,,,timing,,,,,,,,,,,,,,meddled,,,,,,name,,tepid,,,,,,,,tutu,,,,tablet,,,,,,,,,,,,,,veto,,,,,,,,leaned,,,,,,,,,,,,,,,,,,,,,naan,,,,,,,,,,,,,,ruing,,,,,,,,,,,,,,,,,,,,,,,,,,,,,,,,,,,,,,,,,,,,,,,,,,,,,,,,,,,,,,,,,,,,,,,,,,,,,,,,,,,,,,,,,,,,,,,,,,,,,,,,,,,,,,,,,,,,,,,,,,,,,,,,,,,,,,,,,,,,,,,,,,,,,,,,,,,,,,,,,,,,,,,,,,,,,,,,,,,,,,,,,,,,,,,,,,,,,,,,,,,,,,,,,,,,,,,,,,,,,,,,,,,,,,,,,,,,,,,,,,,,,,,,,,,,,,,,,,,,,,,,,,,,,,,,,,,,,,,,,,,,,,,,,,,,,,,,,,,,,,,,,,,,,,,,,,,,,,,,,,,,,,,,,,,,,,,,,,,,,,,,,,,,,,,,,,
,,,,,,,,,,,,,,,,,,,,,,,,,,,,,,,,,,,,,,,,,,,,,,tome,,,,,,,,,,,,,,meld,,,,,,tame,,tiepin,,,,,,,,ululate,,,,tibia,,,,,,,,,,,,,,vetoed,,,,,,,,leanly,,,,,,,,,,,,,,,,,,,,,nagging,,,,,,,,,,,,,,ruining,,,,,,,,,,,,,,,,,,,,,,,,,,,,,,,,,,,,,,,,,,,,,,,,,,,,,,,,,,,,,,,,,,,,,,,,,,,,,,,,,,,,,,,,,,,,,,,,,,,,,,,,,,,,,,,,,,,,,,,,,,,,,,,,,,,,,,,,,,,,,,,,,,,,,,,,,,,,,,,,,,,,,,,,,,,,,,,,,,,,,,,,,,,,,,,,,,,,,,,,,,,,,,,,,,,,,,,,,,,,,,,,,,,,,,,,,,,,,,,,,,,,,,,,,,,,,,,,,,,,,,,,,,,,,,,,,,,,,,,,,,,,,,,,,,,,,,,,,,,,,,,,,,,,,,,,,,,,,,,,,,,,,,,,,,,,,,,,,,,,,,,,,,,,,,,,,,
,,,,,,,,,,,,,,,,,,,,,,,,,,,,,,,,,,,,,,,,,,,,,,tomtit,,,,,,,,,,,,,,melded,,,,,,tatami,,tipi,,,,,,,,uneaten,,,,tibiae,,,,,,,,,,,,,,video,,,,,,,,naan,,,,,,,,,,,,,,,,,,,,,name,,,,,,,,,,,,,,rung,,,,,,,,,,,,,,,,,,,,,,,,,,,,,,,,,,,,,,,,,,,,,,,,,,,,,,,,,,,,,,,,,,,,,,,,,,,,,,,,,,,,,,,,,,,,,,,,,,,,,,,,,,,,,,,,,,,,,,,,,,,,,,,,,,,,,,,,,,,,,,,,,,,,,,,,,,,,,,,,,,,,,,,,,,,,,,,,,,,,,,,,,,,,,,,,,,,,,,,,,,,,,,,,,,,,,,,,,,,,,,,,,,,,,,,,,,,,,,,,,,,,,,,,,,,,,,,,,,,,,,,,,,,,,,,,,,,,,,,,,,,,,,,,,,,,,,,,,,,,,,,,,,,,,,,,,,,,,,,,,,,,,,,,,,,,,,,,,,,,,,,,,,,,,,,,,,
,,,,,,,,,,,,,,,,,,,,,,,,,,,,,,,,,,,,,,,,,,,,,,totem,,,,,,,,,,,,,,melee,,,,,,team,,tipped,,,,,,,,unlet,,,,tibial,,,,,,,,,,,,,,videoed,,,,,,,,nada,,,,,,,,,,,,,,,,,,,,,naming,,,,,,,,,,,,,,runic,,,,,,,,,,,,,,,,,,,,,,,,,,,,,,,,,,,,,,,,,,,,,,,,,,,,,,,,,,,,,,,,,,,,,,,,,,,,,,,,,,,,,,,,,,,,,,,,,,,,,,,,,,,,,,,,,,,,,,,,,,,,,,,,,,,,,,,,,,,,,,,,,,,,,,,,,,,,,,,,,,,,,,,,,,,,,,,,,,,,,,,,,,,,,,,,,,,,,,,,,,,,,,,,,,,,,,,,,,,,,,,,,,,,,,,,,,,,,,,,,,,,,,,,,,,,,,,,,,,,,,,,,,,,,,,,,,,,,,,,,,,,,,,,,,,,,,,,,,,,,,,,,,,,,,,,,,,,,,,,,,,,,,,,,,,,,,,,,,,,,,,,,,,,,,,,,,
,,,,,,,,,,,,,,,,,,,,,,,,,,,,,,,,,,,,,,,,,,,,,,,,,,,,,,,,,,,,needle,,,,,,teammate,,tippet,,,,,,,,untune,,,,,,,,,,,,,,,,,,void,,,,,,,,nana,,,,,,,,,,,,,,,,,,,,,nana,,,,,,,,,,,,,,running,,,,,,,,,,,,,,,,,,,,,,,,,,,,,,,,,,,,,,,,,,,,,,,,,,,,,,,,,,,,,,,,,,,,,,,,,,,,,,,,,,,,,,,,,,,,,,,,,,,,,,,,,,,,,,,,,,,,,,,,,,,,,,,,,,,,,,,,,,,,,,,,,,,,,,,,,,,,,,,,,,,,,,,,,,,,,,,,,,,,,,,,,,,,,,,,,,,,,,,,,,,,,,,,,,,,,,,,,,,,,,,,,,,,,,,,,,,,,,,,,,,,,,,,,,,,,,,,,,,,,,,,,,,,,,,,,,,,,,,,,,,,,,,,,,,,,,,,,,,,,,,,,,,,,,,,,,,,,,,,,,,,,,,,,,,,,,,,,,,,,,,,,,,,,,,,,,
,,,,,,,,,,,,,,,,,,,,,,,,,,,,,,,,,,,,,,,,,,,,,,,,,,,,,,,,,,,,needled,,,,,,teatime,,,,,,,,,,,,,,,,,,,,,,,,,,,,voided,,,,,,,,nanny,,,,,,,,,,,,,,,,,,,,,zagging,,,,,,,,,,,,,,uncaring,,,,,,,,,,,,,,,,,,,,,,,,,,,,,,,,,,,,,,,,,,,,,,,,,,,,,,,,,,,,,,,,,,,,,,,,,,,,,,,,,,,,,,,,,,,,,,,,,,,,,,,,,,,,,,,,,,,,,,,,,,,,,,,,,,,,,,,,,,,,,,,,,,,,,,,,,,,,,,,,,,,,,,,,,,,,,,,,,,,,,,,,,,,,,,,,,,,,,,,,,,,,,,,,,,,,,,,,,,,,,,,,,,,,,,,,,,,,,,,,,,,,,,,,,,,,,,,,,,,,,,,,,,,,,,,,,,,,,,,,,,,,,,,,,,,,,,,,,,,,,,,,,,,,,,,,,,,,,,,,,,,,,,,,,,,,,,,,,,,,,,,,,,,,,,,,,,
,,,,,,,,,,,,,,,,,,,,,,,,,,,,,,,,,,,,,,,,,,,,,,,,,,,,,,,,,,,,,,,,,,teem,,,,,,,,,,,,,,,,,,,,,,,,,,,,voodoo,,,,,,,,zany,,,,,,,,,,,,,,,,,,,,,zigzag,,,,,,,,,,,,,,unrig,,,,,,,,,,,,,,,,,,,,,,,,,,,,,,,,,,,,,,,,,,,,,,,,,,,,,,,,,,,,,,,,,,,,,,,,,,,,,,,,,,,,,,,,,,,,,,,,,,,,,,,,,,,,,,,,,,,,,,,,,,,,,,,,,,,,,,,,,,,,,,,,,,,,,,,,,,,,,,,,,,,,,,,,,,,,,,,,,,,,,,,,,,,,,,,,,,,,,,,,,,,,,,,,,,,,,,,,,,,,,,,,,,,,,,,,,,,,,,,,,,,,,,,,,,,,,,,,,,,,,,,,,,,,,,,,,,,,,,,,,,,,,,,,,,,,,,,,,,,,,,,,,,,,,,,,,,,,,,,,,,,,,,,,,,,,,,,,,,,,,,,,,,,,,,,,,,
,,,,,,,,,,,,,,,,,,,,,,,,,,,,,,,,,,,,,,,,,,,,,,,,,,,,,,,,,,,,,,,,,,tenement,,,,,,,,,,,,,,,,,,,,,,,,,,,,vote,,,,,,,,zeal,,,,,,,,,,,,,,,,,,,,,zigzagging,,,,,,,,,,,,,,unrigging,,,,,,,,,,,,,,,,,,,,,,,,,,,,,,,,,,,,,,,,,,,,,,,,,,,,,,,,,,,,,,,,,,,,,,,,,,,,,,,,,,,,,,,,,,,,,,,,,,,,,,,,,,,,,,,,,,,,,,,,,,,,,,,,,,,,,,,,,,,,,,,,,,,,,,,,,,,,,,,,,,,,,,,,,,,,,,,,,,,,,,,,,,,,,,,,,,,,,,,,,,,,,,,,,,,,,,,,,,,,,,,,,,,,,,,,,,,,,,,,,,,,,,,,,,,,,,,,,,,,,,,,,,,,,,,,,,,,,,,,,,,,,,,,,,,,,,,,,,,,,,,,,,,,,,,,,,,,,,,,,,,,,,,,,,,,,,,,,,,,,,,,,,,,,,,,,,
,,,,,,,,,,,,,,,,,,,,,,,,,,,,,,,,,,,,,,,,,,,,,,,,,,,,,,,,,,,,,,,,,,time,,,,,,,,,,,,,,,,,,,,,,,,,,,,voted,,,,,,,,,,,,,,,,,,,,,,,,,,,,,zinnia,,,,,,,,,,,,,,urging,,,,,,,,,,,,,,,,,,,,,,,,,,,,,,,,,,,,,,,,,,,,,,,,,,,,,,,,,,,,,,,,,,,,,,,,,,,,,,,,,,,,,,,,,,,,,,,,,,,,,,,,,,,,,,,,,,,,,,,,,,,,,,,,,,,,,,,,,,,,,,,,,,,,,,,,,,,,,,,,,,,,,,,,,,,,,,,,,,,,,,,,,,,,,,,,,,,,,,,,,,,,,,,,,,,,,,,,,,,,,,,,,,,,,,,,,,,,,,,,,,,,,,,,,,,,,,,,,,,,,,,,,,,,,,,,,,,,,,,,,,,,,,,,,,,,,,,,,,,,,,,,,,,,,,,,,,,,,,,,,,,,,,,,,,,,,,,,,,,,,,,,,,,,,,,,,,
,,,,,,,,,,,,,,,,,,,,,,,,,,,,,,,,,,,,,,,,,,,,,,,,,,,,,,,,,,,,,,,,,,,,,,,,,,,,,,,,,,,,,,,,,,,,,,votive,,,,,,,,,,,,,,,,,,,,,,,,,,,,,,,,,,,,,,,,,,,uric,,,,,,,,,,,,,,,,,,,,,,,,,,,,,,,,,,,,,,,,,,,,,,,,,,,,,,,,,,,,,,,,,,,,,,,,,,,,,,,,,,,,,,,,,,,,,,,,,,,,,,,,,,,,,,,,,,,,,,,,,,,,,,,,,,,,,,,,,,,,,,,,,,,,,,,,,,,,,,,,,,,,,,,,,,,,,,,,,,,,,,,,,,,,,,,,,,,,,,,,,,,,,,,,,,,,,,,,,,,,,,,,,,,,,,,,,,,,,,,,,,,,,,,,,,,,,,,,,,,,,,,,,,,,,,,,,,,,,,,,,,,,,,,,,,,,,,,,,,,,,,,,,,,,,,,,,,,,,,,,,,,,,,,,,,,,,,,,,,,,,,,,,,,,,,,,,,
